IMAGEN,"Stock
anterior",STOCK ACTUAL,Código,Nombre,CATEGORIA,Sub categoria,Marca,PRECIO,
,1,2,00000600,SUPREME CHUCKY DOLL FALL WINTER 2020,ACCESORIO,MUñECO CHUCKY,SUPREME,,
,2,2,00000612,SUPREME TAZAS HELLER - Color Rojo,ACCESORIO,TAZAS,SUPREME,150,
,1,1,00000613,SUPREME ZIPPO - Color Rojo,ACCESORIO,ENCENDEDOR,SUPREME,750,
,1,1,00001002,MOCK NECK TEE - Talla L - Color Fucsia,DISEÑADOR,T-SHIRT,PALM ANGELS,1600,
,1,,00001009,SEASONAL LOGO - Talla XXL - Color Verde Palta,DISEÑADOR,T-SHIRT,PALM ANGELS,1399,
,1,1,00001012,STATEMENT MONOGRAM TEE WHITEE ORANGE - Talla L - Color Blanco,DISEÑADOR,T-SHIRT,PALM ANGELS,1399,
,1,1,00001016,STATEMENT MONOGRAM TEE BLACK GREY - Talla M -Color Negro GrisT,DISEÑADOR,T-SHIRT,PALM ANGELS,1399,
,1,1,00001023,NECK LOGO TEE BLUE GREEN - Talla XL - Color Azul,DISEÑADOR,T-SHIRT,PALM ANGELS,1399,
,1,1,00001026,NECK LOGO REG TEE DARK GREY - Talla M - Color Gris Oscuro,DISEÑADOR,T-SHIRT,PALM ANGELS,1499,
,1,,00001030,DOUBLED LOGO OVER TEE BLACK FUCHSIA - Talla XS - Color Negro Fucsia,DISEÑADOR,T-SHIRT,PALM ANGELS,1399,
,1,1,00001031,DOUBLED LOGO OVER TEE BLACK FUCHSIA - Talla S - Color Negro Fucsia,DISEÑADOR,T-SHIRT,PALM ANGELS,1399,
,1,,00001032,DOUBLED LOGO OVER TEE BLACK FUCHSIA - Talla M - Color Negro Fucsia,DISEÑADOR,T-SHIRT,PALM ANGELS,1399,
,1,,00001035,DOUBLED LOGO OVER TEE BLACK FUCHSIA - Talla XXL - Color Negro Fucsia,DISEÑADOR,T-SHIRT,PALM ANGELS,1399,
,1,1,00001037,CLASSIC LOGO OVER TEE BLACK WHITE - Talla L - Color Negro Blanco,DISEÑADOR,T-SHIRT,PALM ANGELS,1499,
,1,1,00001039,CLASSIC LOGO OVER TEE BLACK WHITE - Talla XXL - Color Negro Blanco,DISEÑADOR,T-SHIRT,PALM ANGELS,1499,
,1,,00001043,PARIS MONOGRAM SPRAY TEE BLACK BLACK - Talla XL - Color Negro Negro,DISEÑADOR,T-SHIRT,PALM ANGELS,1399,
,1,1,00001047,LAS VEGAS MONOGRAM SPRAY T BLACK GOLD - Talla L - Color Negro Dorado,DISEÑADOR,T-SHIRT,PALM ANGELS,1399,
,2,1,00001052,LA MONOGRAM SPRAY TEE WHITE - Talla L - Color Blanco Gris,DISEÑADOR,T-SHIRT,PALM ANGELS,1399,VENDIDO UND 08/03/26
,2,1,00001057,BEAR IN MIND OVER TEE BLACK BROWN- Talla L - Color Negro Oso,DISEÑADOR,T-SHIRT,PALM ANGELS,1599,VENDIDO UND 19/12/25
,1,1,00001061,BEAR IN MIND LOOSE TEE WHITE BROWN - Talla M - Color Blanco Crema,DISEÑADOR,T-SHIRT,PALM ANGELS,1599,
,0,,00001069,CLASSIC LOGO POLO SHIRT BLACK WHITE - Talla XXL - Color Negro Camisero,DISEÑADOR,T-SHIRT,PALM ANGELS,1659,
,1,1,00001073,PALM CONCERT TSHIRT BLACK MULTICOLOR - Talla XL - Color Negro Graphic Print,DISEÑADOR,T-SHIRT,PALM ANGELS,1399,
,1,1,00001076,CRAZY MOUTH TSHIRT - Talla M - Color Negro Graphic Mouth,DISEÑADOR,T-SHIRT,PALM ANGELS,1399,
,1,1,00001082,PARADISE PALM TEE BLACK YELLOW - Talla L - Color Negro Amarillo Acid Wash,DISEÑADOR,T-SHIRT,PALM ANGELS,1399,
,1,1,00001087,RACING TEE SLIM FIT BLACK WHITE RED - Talla L - Color Negro Banderas,DISEÑADOR,T-SHIRT,PALM ANGELS,1399,
,1,1,00001092,PALM CURVED LOGO TEE BLACK GREY - Talla L - Color Gris Oscuro,DISEÑADOR,T-SHIRT,PALM ANGELS,1499,
,1,1,00001096,STAFF CLASICC TEE WHITE BLACK - Talla M - Color blanco Basic Palmera,DISEÑADOR,T-SHIRT,PALM ANGELS,1499,
,1,1,00001102,CLASICC LOGO SLIM TEE WHITE BLACK - Talla L - Color Blanco Perla,DISEÑADOR,T-SHIRT,PALM ANGELS,1499,
,1,1,00001106,CURVED LOGO TEE BLACK BLACK - Talla M - Color Negro Negro,DISEÑADOR,T-SHIRT,PALM ANGELS,1399,
,1,1,00001107,CURVED LOGO TEE BLACK BLACK - Talla L - Color Negro Negro,DISEÑADOR,T-SHIRT,PALM ANGELS,1399,
,1,1,00001113,PAXSETAI CLASSIC TEE PETROL BLUE WHI - Talla XL - Color Celeste Palmera fucsia,DISEÑADOR,T-SHIRT,PALM ANGELS,1399,
,1,1,00001118,PALM MEX MONEYGRAM HAAS F1 ORANGE FUCHSIA - Talla XL - Color Naranja Fucsia,DISEÑADOR,T-SHIRT,PALM ANGELS,1399,
,2,2,00001122,MOP MILANO OVER TEE - Talla L - Color Blanco Milano,DISEÑADOR,T-SHIRT,PALM ANGELS,1399,
,1,1,00001128,NY SPRAYED LOGO TEE BLACK BLUE - Talla XL - Color Negro New York,DISEÑADOR,T-SHIRT,PALM ANGELS,1399,
,1,1,00001133,TOKYO SPRAYED LOGO TEE WHITE RED - Talla XL - Color Blanco Tokio,DISEÑADOR,T-SHIRT,PALM ANGELS,1399,
,1,1,00001136,PARIS SPRAYED LOGO TEE BLACK BLACK - Talla M - Color Negro Paris,DISEÑADOR,T-SHIRT,PALM ANGELS,1399,
,1,1,00001141,BURNING MONOGRAM TEE WHITE GOLD - Talla M - Color Blanco Perla Dorado,DISEÑADOR,T-SHIRT,PALM ANGELS,1399,
,1,1,00001142,BURNING MONOGRAM TEE WHITE GOLD - Talla L - Color Blanco Perla Dorado,DISEÑADOR,T-SHIRT,PALM ANGELS,1399,
,1,1,00001146,BERTA CLASSIC TEE WHITE PINK - Talla M - Color Blanco Cocker,DISEÑADOR,T-SHIRT,PALM ANGELS,1499,
,1,1,00001150,PAISLEY BOWLING SHIRT NAVY BLUE NAVY - Talla S (48) - Color Azul Bandana,DISEÑADOR,T-SHIRT,PALM ANGELS,1499,
,1,1,00001157,HOLLY PIN UP TEE BLACK - Talla L - Color Negro Dado,DISEÑADOR,T-SHIRT,PALM ANGELS,1399,
,1,1,00001161,FOGGY PA TEE WHITE BLACK - Talla M - Color Blanco Perla Humo,DISEÑADOR,T-SHIRT,PALM ANGELS,1399,
,1,1,00001167,CURVED LOGO T-SHIRT PALM TREES - Talla L - Color Gris Gaspeado,DISEÑADOR,T-SHIRT,PALM ANGELS,1399,
,1,1,00001172,COLLEGE CLASSIC TEE BLACK WHITE  - Talla L - Color Negro L.A,DISEÑADOR,T-SHIRT,PALM ANGELS,1399,
,1,1,00001176,BLACK GOTHIC PALM OVER TEE WHITE BLACK - Talla M - Color Blanco Negro Gotico,DISEÑADOR,T-SHIRT,PALM ANGELS,1399,
,1,1,00001182,DEC PALM CULTURE REG TEE WHITE BLACK - Talla L - Color Blanco Decoding,DISEÑADOR,T-SHIRT,PALM ANGELS,1499,
,1,1,00001190,UNIVERSITY TEE WHITE BLACK - Talla S - Color Blanco Perla Angel,DISEÑADOR,T-SHIRT,PALM ANGELS,1499,
,1,1,00001197,CROSSROADS BEARS TEE IVORY MULTICOLOR - Talla L - Color Crema Three Bears,DISEÑADOR,T-SHIRT,PALM ANGELS,1499,
,1,1,00001202,IVY PIN UP TEE IVORY BLACK - Talla L - Color Crema Serpiente,DISEÑADOR,T-SHIRT,PALM ANGELS,1399,
,2,2,00001206,ANGEL PENCIL TEE WHITE LIGHT - Talla M - Color Blanco Perla Angel Dorado,DISEÑADOR,T-SHIRT,PALM ANGELS,1399,
,1,1,00001207,ANGEL PENCIL TEE WHITE LIGHT - Talla L - Color Blanco Perla Angel Dorado,DISEÑADOR,T-SHIRT,PALM ANGELS,1399,
,1,1,00001211,TMALL SHARK CLASSIC TEE CREAM BLACK -Talla M - Color Crema Shark,DISEÑADOR,T-SHIRT,PALM ANGELS,1499,
,1,1,00001216,STATEMENT PENCIL CLASSIC T BLACK GREY - Talla M - Negro Azul,DISEÑADOR,T-SHIRT,PALM ANGELS,1399,
,1,1,00001217,STATEMENT PENCIL CLASSIC T BLACK GREY - Talla L - Negro Azul,DISEÑADOR,T-SHIRT,PALM ANGELS,1399,
,1,1,00001221,NECK LOGO REG TEE BURGUNDY RED - Talla M - Color Rojo Vino,DISEÑADOR,T-SHIRT,PALM ANGELS,1399,
,1,1,00001226,CROCO CLASSIC TEE BLACK GREEN - Talla M - Color Negro Cocodrilo,DISEÑADOR,T-SHIRT,PALM ANGELS,1499,
,1,1,00001230,RHUDE BLACK CAVIAR TEE - Talla S - Color Azul Negro,DISEÑADOR,T-SHIRT,RHUDE,1799,
,1,1,00001235,GRAND CRU TEE RHUDE BLACK - Talla S - Color Negro Azul,DISEÑADOR,T-SHIRT,RHUDE,1799,
,1,1,00001241,GRAND CRU TEE VINTAGE CREAM - Talla M - Color Crema,DISEÑADOR,T-SHIRT,RHUDE,1799,
,1,1,00001246,ABSTRACT HERON PRINT TSHIRT - Talla M - Color Gris Naranja,DISEÑADOR,T-SHIRT,HERON PRESTON,1499,
,1,1,00001251,REG HPNY TEE BLACK WHITE - Talla M - Color Negro,DISEÑADOR,T-SHIRT,HERON PRESTON,1399,
,1,1,00001256,NF HERON BW TEE BLACK - Talla M - Color Negro Ave,DISEÑADOR,T-SHIRT,HERON PRESTON,1499,
,1,2,00001261,BOOKISH STRIPES SKATE WHITE TRUE BLUE OFF WHITE - Talla M - Color Blanco Manga Azul,DISEÑADOR,T-SHIRT,OFF WHITE,1599,
,1,1,00001263,BOOKISH STRIPES SKATE WHITE TRUE BLUE OFF WHITE - Talla XL - Color Blanco Manga Azul,DISEÑADOR,T-SHIRT,OFF WHITE,1599,
,1,2,00001266,MONALISA OVER TEE WHITE BLACK OFF WHITE -  Talla M - Color Blanco,DISEÑADOR,T-SHIRT,OFF WHITE,1699,
,1,2,00001267,DIAG PKT SLIM TEE WHITE BLACK OFF WHITE - Talla L - Color Blanco Bolsillo,DISEÑADOR,T-SHIRT,OFF WHITE,1699,
,2,4,00001272,CLB SLIM TEE WHITE BLACK OFF WHITE - Talla L - Color Blanco,DISEÑADOR,T-SHIRT,OFF WHITE,1699,
,2,2,00001276,CLB SLIM TEE BLACK WHITE OFF WHITE - Talla M - Color Negro,DISEÑADOR,T-SHIRT,OFF WHITE,1699,
,1,1,00001277,CLB SLIM TEE BLACK WHITE OFF WHITE - Talla L - Color Negro,DISEÑADOR,T-SHIRT,OFF WHITE,1699,
,4,4,00001281,BARBER 2 SLIM TEE BLACK WHITE OFF WHITE - Talla M - Color Negro,DISEÑADOR,T-SHIRT,OFF WHITE,1599,
,1,2,00001283,BARBER 2 SLIM TEE BLACK WHITE OFF WHITE - Talla XL - Color Negro,DISEÑADOR,T-SHIRT,OFF WHITE,1599,
,2,2,00001292,BARBER 2 SLIM TEE DEEP BLUE OFF WHITE - Talla L - Color Morado,DISEÑADOR,T-SHIRT,OFF WHITE,1599,
,1,2,00001296,MONALISA SLIM TEE WHITE BLUE - Talla M - Color Blanco,DISEÑADOR,T-SHIRT,OFF WHITE,1699,
,1,1,00001301,BARBER ARROW SKATE TEE WHITE SERENIT OFF WHITE - Talla M - Color Blanco,DISEÑADOR,T-SHIRT,OFF WHITE,1699,
,1,,00001308,SLF ARROW SKATE TEE BLACK WHITE OFF WHITE - Talla XL - Color Negro Acid Wash,DISEÑADOR,T-SHIRT,OFF WHITE,1599,
,1,,00001311,WINDY ARROW SLIM TEE LIGHT GREY MELANGE OFF WHITE - Talla M - Color Plomo,DISEÑADOR,T-SHIRT,OFF WHITE,1599,
,1,,00001318,DIAG TAB SLIM TEE PEACOCK - Talla XL - Color Azul,DISEÑADOR,T-SHIRT,OFF WHITE,1399,
,1,1,00001320,I SUPPORT SPORT FOR CHANGE X AC MILAN - Talla S - Color Negro,DISEÑADOR,T-SHIRT,OFF WHITE,1299,
,1,1,00001327,IMAGINARY TV REGULAR TEE OPTICAL WHITE - Talla L - Color Blanco,DISEÑADOR,T-SHIRT,OFF WHITE,1399,
,1,1,00001332,23 VARSITY SKATE TEE MELANGE GREY - Talla L - Color Plomo,DISEÑADOR,T-SHIRT,OFF WHITE,1399,
,1,,00001336,OFF STAMP SKATE TEE WHITE BLACK - Talla M - Color Blanco,DISEÑADOR,T-SHIRT,OFF WHITE,1599,
,1,1,00001343,OFF STAMP SKATE TEE BLACK RED - Talla XL - Color Negro,DISEÑADOR,T-SHIRT,OFF WHITE,1599,
,1,1,00001346,PALACE ARROW REG TEE WHITE BLACK - Talla M - Color Blanco,DISEÑADOR,T-SHIRT,OFF WHITE,1599,
,0,,00001352,SB SLIM ARROW TEE WHTE LIGHT BLUE - Talla L - Color Blanco,DISEÑADOR,T-SHIRT,OFF WHITE,1599,
,3,3,00001356,PUFFY LOGO SKATE TEE BLACK CITRUS - Talla M - Color Negro,DISEÑADOR,T-SHIRT,OFF WHITE,1599,
,1,1,00001361,OFF SHARED SKATE TEE BLACK WHITE - Talla M - Color Negro,DISEÑADOR,T-SHIRT,OFF WHITE,1599,
,1,,00001368,SG SINDALAH T SHIRT BLACK LIGHT BLUE - Talla XL - Color Negro,DISEÑADOR,T-SHIRT,OFF WHITE,1599,
,1,1,00001372,MAKING THE WORLD CACTUS JACK X WWE - Talla L  - Color Blanco,STREETWEAR LUJOSO,T-SHIRT,TRAVIS SCOTT,1499,
,0,0,00001375,Amiri Baroque Logo Print T-shirt Black - Size S,DISEÑADOR,T-SHIRT,AMIRI,2200,
,1,1,00001382,ABC CAMO BUSY WORKS TEE - Talla L- Color Blanco,STREETWEAR LUJOSO,T-SHIRT,BAPE,750,
,1,,00001387,GLITTER BY BATHING APE TEE - Talla L - Color Negro,STREETWEAR LUJOSO,T-SHIRT,BAPE,749,
,1,1,00001392,MAD SHARK PHOTO PRINT RELAXED FIT TEE BLACK - Talla L - Color Negro,STREETWEAR LUJOSO,T-SHIRT,BAPE,759,
,1,,00001393,MAD SHARK PHOTO PRINT RELAXED FIT TEE BLACK - Talla XL - Color Negro,STREETWEAR LUJOSO,T-SHIRT,BAPE,759,
,1,,00001398,MAD SHARK PHOTO PRINT RELAXED FIT TEE WHITE - Talla XL - Color Blanco,STREETWEAR LUJOSO,T-SHIRT,BAPE,759,
,0,1,00001402,1ST CAMO SEPARATE SHARK T-SHIRT - Talla L - Color Blanco,STREETWEAR LUJOSO,T-SHIRT,BAPE,759,
,1,1,00001408,TENIS CLUB ICON SCREEN CASA BLANCA - Talla XL - Color Blanco,DISEÑADOR,T-SHIRT,CASA BLANCA,1599,
,1,1,00001414,PLAYFUL EAGLE PRINTED WHITE JERSEY - Talla XXL - Color Blanco,DISEÑADOR,T-SHIRT,CASA BLANCA,1599,
,1,1,00001419,UNITY IS POWER PRINTED WHITE JERSEY - Talla XXL - Color Blanco,DISEÑADOR,T-SHIRT,CASA BLANCA,1599,
,1,1,00001422,TENIS CLUB ICON T-SHIRT - Talla L - Color Blanco,DISEÑADOR,T-SHIRT,CASA BLANCA,1599,
,1,1,00001426,ENGLISH BREAKFAST TEE PLEASURE BLACK - Talla M - Color Negro,STREETWEAR LUJOSO,T-SHIRT,PLEASURE,1599,
,1,,00001443,BASIC STUSSY BLACK T-SHIRT - Talla XL - Color Negro,,T-SHIRT,STUSSY,550,
,1,,00001450,BY ANY MEANS BLING TEE VALLEY CREAM PEDRERIA - Talla S - Color Crema,,T-SHIRT,VALLEY FOREVER,799,
,1,,00001451,BY ANY MEANS BLING TEE VALLEY CREAM PEDRERIA - Talla M - Color Crema,,T-SHIRT,VALLEY FOREVER,799,
,1,,00001452,BY ANY MEANS BLING TEE VALLEY CREAM PEDRERIA - Talla L - Color Crema,,T-SHIRT,VALLEY FOREVER,799,
,1,,00001458,VALLEY SPEED BLING TEE GREY PEDRERIA - Talla XL - Color Plomo,,T-SHIRT,VALLEY FOREVER,899,
,1,,00001460,VALLEY FOREVER FALLEN BLING TEE GREY PEDRERIA - Talla S - Color Plomo,,T-SHIRT,VALLEY FOREVER,899,
,1,,00001461,VALLEY FOREVER FALLEN BLING TEE GREY PEDRERIA - Talla M - Color Plomo,,T-SHIRT,VALLEY FOREVER,899,
,1,,00001462,VALLEY FOREVER FALLEN BLING TEE GREY PEDRERIA - Talla L - Color Plomo,,T-SHIRT,VALLEY FOREVER,899,
,1,1,00001465,VALLEY ECHOES OF THE GOLDEN ERA TEE GREY - Talla S - Color Plomo,STREETWEAR LUJOSO,T-SHIRT,VALLEY FOREVER,799,
,1,1,00001466,VALLEY ECHOES OF THE GOLDEN ERA TEE GREY - Talla M - Color Plomo,STREETWEAR LUJOSO,T-SHIRT,VALLEY FOREVER,799,
,0,,00001467,VALLEY ECHOES OF THE GOLDEN ERA TEE GREY - Talla L - Color Plomo,,T-SHIRT,VALLEY FOREVER,799,
,1,1,00001470,VALLEY NAS TEE GREY GREY - Talla S - Color Plomo,STREETWEAR LUJOSO,T-SHIRT,VALLEY FOREVER,799,
,1,1,00001471,VALLEY NAS TEE GREY GREY - Talla M - Color Plomo,STREETWEAR LUJOSO,T-SHIRT,VALLEY FOREVER,799,
,1,,00001472,VALLEY NAS TEE GREY GREY - Talla L - Color Plomo,,T-SHIRT,VALLEY FOREVER,799,
,0,,00001475,FOG TEE DARK OATMEAL - Talla XS - Color Plomo Melange,,T-SHIRT,ESSENTIALS,550,
,1,,00001476,FOG TEE DARK OATMEAL - Talla S - Color Plomo Melange,,T-SHIRT,ESSENTIALS,550,
,2,2,00001478,FOG TEE DARK OATMEAL - Talla L - Color Plomo Melange,STREETWEAR LUJOSO,T-SHIRT,ESSENTIALS,550,
,2,2,00001479,FOG TEE DARK OATMEAL - Talla XL - Color Plomo Melange,STREETWEAR LUJOSO,T-SHIRT,ESSENTIALS,550,
,1,1,00001483,FOG TEE CREAM - Talla XL- Color Crema,STREETWEAR LUJOSO,T-SHIRT,ESSENTIALS,550,
,1,1,00001485,FOG T-SHIRT IRON - Talla S - Color Plomo Hierro,STREETWEAR LUJOSO,T-SHIRT,ESSENTIALS,550,
,1,,00001490,FOG T-SHIRT WHITE - Talla S - Color Blanco,,T-SHIRT,ESSENTIALS,550,
,1,1,00001498,FOG T-SHIRT WHITE - Talla XL - Color Blanco,STREETWEAR LUJOSO,T-SHIRT,ESSENTIALS,550,
,1,,00001500,FOG T-SHIRT SYCAMORE - Talla S - Color Verde Agua,,T-SHIRT,ESSENTIALS,550,
,1,1,00001502,FOG T-SHIRT SYCAMORE - Talla L - Color Verde Agua,STREETWEAR LUJOSO,T-SHIRT,ESSENTIALS,550,
,1,1,00001505,FOG LIGHT HEATHER OATMEAL - Talla S - Color Beige Arena,STREETWEAR LUJOSO,T-SHIRT,ESSENTIALS,550,
,1,1,00001512,FOG T-SHIRT CREAM -Talla L - Color Crema,STREETWEAR LUJOSO,T-SHIRT,ESSENTIALS,550,
,1,1,00001515,FOG TEE HEATHER GREY - Talla S - Color Plomo Marron,STREETWEAR LUJOSO,T-SHIRT,ESSENTIALS,550,
,1,1,00001523,FOG TEE OATMEAL - Talla XL - Color Plomo Crema,STREETWEAR LUJOSO,T-SHIRT,ESSENTIALS,550,
,1,1,00001526,FOG TEE LIGH OATMEAL - Talla M - Color Plomo Claro,STREETWEAR LUJOSO,T-SHIRT,ESSENTIALS,550,
,3,2,00001527,FOG TEE LIGH OATMEAL - Talla L - Color Plomo Claro,STREETWEAR LUJOSO,T-SHIRT,ESSENTIALS,550,VENTA UND 19/12/25
,2,2,00001528,FOG TEE LIGH OATMEAL - Talla XL - Color Plomo Claro,STREETWEAR LUJOSO,T-SHIRT,ESSENTIALS,550,
,1,1,00001530,FOG TEE STRECH LIMO - Talla XS - Color Negro Verdoso,STREETWEAR LUJOSO,T-SHIRT,ESSENTIALS,550,
,0,,00001533,FOG TEE STRECH LIMO - Talla L - Color Negro Verdoso,,T-SHIRT,ESSENTIALS,550,
,0,,00001535,FOG T-SHIRT STRECH LIMO FRONTAL LOGO - Talla XS - Color Negro Verdoso,,T-SHIRT,ESSENTIALS,550,
,1,,00001538,FOG T-SHIRT STRECH LIMO FRONTAL LOGO - Talla L - Color Negro Verdoso,,T-SHIRT,ESSENTIALS,550,
,1,,00001540,FOG T-SHIRT SS24 SEAL - Talla S - Color Beige Arena,,T-SHIRT,ESSENTIALS,550,
,1,,00001545,FOG ESSENTIALS JERSEY CREWNECK T-SHIRT BLACK - Talla S - Color Negro Logo Blanco,,T-SHIRT,ESSENTIALS,550,
,0,,00001547,FOG ESSENTIALS JERSEY CREWNECK T-SHIRT BLACK - Talla L - Color Negro Logo Blanco,,T-SHIRT,ESSENTIALS,550,
,1,,00001555,FOG TSHIRT CREWNECK HEATHER GRAY - Talla S - Color Plomo Melange,,T-SHIRT,ESSENTIALS,550,
,0,,00001561,FOG TSHIRT CORAL - Talla M - Color Melon,,T-SHIRT,ESSENTIALS,550,
,1,1,00001562,FOG TSHIRT CORAL - Talla L - Color Melon,STREETWEAR LUJOSO,T-SHIRT,ESSENTIALS,550,
,1,1,00001566,SUPREME TYLER THE CREATOR TEE GREY - Talla M - Color Plomo Melange,STREETWEAR LUJOSO,T-SHIRT,SUPREME,599,
,1,1,00001567,SUPREME TYLER THE CREATOR TEE GREY - Talla L - Color Plomo Melange,STREETWEAR LUJOSO,T-SHIRT,SUPREME,599,
,1,1,00001568,SUPREME TYLER THE CREATOR TEE GREY - Talla XL - Color Plomo Melange,STREETWEAR LUJOSO,T-SHIRT,SUPREME,599,
,1,1,00001571,SUPREME DIAMONDS TEE BROWN - Talla M - Color Marron,STREETWEAR LUJOSO,T-SHIRT,SUPREME,550,
,1,1,00001573,SUPREME DIAMONDS TEE BROWN - Talla XL - Color Marron,STREETWEAR LUJOSO,T-SHIRT,SUPREME,550,
,0,,00001578,SUPREME TAPE TEE WHITE - Talla XL - Color Blanco,,T-SHIRT,SUPREME,550,
,0,,00001583,SUPREME TAPE TEE BLACK - Talla XL - Color Negro,,T-SHIRT,SUPREME,550,
,1,1,00001586,SUPREME HARDCORE TEE BLACK - Talla M - Color Negro,STREETWEAR LUJOSO,T-SHIRT,SUPREME,550,
,1,1,00001587,SUPREME HARDCORE TEE BLACK - Talla L - Color Negro,STREETWEAR LUJOSO,T-SHIRT,SUPREME,550,
,1,1,00001588,SUPREME HARDCORE TEE BLACK - Talla XL - Color Negro,STREETWEAR LUJOSO,T-SHIRT,SUPREME,550,
,1,1,00001592,SUPREME HARDCORE TEE WHITE - Talla L - Color Blanco,STREETWEAR LUJOSO,T-SHIRT,SUPREME,550,
,1,1,00001593,SUPREME HARDCORE TEE WHITE - Talla XL - Color Blanco,STREETWEAR LUJOSO,T-SHIRT,SUPREME,550,
,1,1,00001598,SUPREME THRASHER CROSS TEE BLACK - Talla XL - Color Negro,STREETWEAR LUJOSO,T-SHIRT,SUPREME,550,
,1,1,00001602,SUPREME T-REX TEE - Talla L - Color Marron,STREETWEAR LUJOSO,T-SHIRT,SUPREME,550,
,0,,00001607,SUPREME COLLEGIATE TEE - Talla L - Color Azul,,T-SHIRT,SUPREME,550,
,1,1,00001611,SUPREME RONIN TEE - Talla M - Color Blanco,STREETWEAR LUJOSO,T-SHIRT,SUPREME,550,
,1,1,00001616,SUPREME LAGER S/S TOP RED - Talla M - Color Rojo,STREETWEAR LUJOSO,T-SHIRT,SUPREME,550,
,1,,00001621,SUPREME CREST APPLIQUE HALF ZIP PULLOVER RED - Talla M - Color Rojo,,POLERA,SUPREME,1499,
,1,1,00001626,SUPREME BERNADETTE CORPORATION MONEY TEE - Talla M - Color Morado,STREETWEAR LUJOSO,T-SHIRT,SUPREME,550,
,0,,00001631,SUPREME BLOOD TEE SKY BLUE - Talla M - Color Celeste,,T-SHIRT,SUPREME,550,
,1,1,00001635,SUPREME AMERICAN PSYCHO TEE - Talla S - Color Guinda,STREETWEAR LUJOSO,T-SHIRT,SUPREME,550,
,1,1,00001642,SUPREME VARSITY TEE GREY - Size L - Color Plomo Melange,STREETWEAR LUJOSO,T-SHIRT,SUPREME,550,
,1,1,00001647,SUPREME DRUG TEE GREY - Talla L - Color Plomo Melange,STREETWEAR LUJOSO,T-SHIRT,SUPREME,550,
,1,,00001651,SUPREME MISTER CARTOON POW TEE - Talla M - Color Negro,,T-SHIRT,SUPREME,699,
,1,1,00001655,SUPREME TOY MACHINE DEVIL CAT TEE - Talla S - Color Negro,STREETWEAR LUJOSO,T-SHIRT,SUPREME,550,
,1,,00001660,SUPRIME THREE KINGS TEE - Talla S - Color Negro Azulado,,T-SHIRT,SUPREME,550,
,1,1,00001665,SUPRIME HELL TEE - Talla S - Color Azul Marino,STREETWEAR LUJOSO,T-SHIRT,SUPREME,550,
,1,,00001670,SUPRIME AL GREEN TEE - Talla S - Color Verde agua,,T-SHIRT,SUPREME,550,
,1,1,00001675,KITH MARVEL SPIDERMAN HOMECOMING TEE - Talla S - Color crema,STREETWEAR LUJOSO,T-SHIRT,KITH,180,
,1,,00001680,KITH TREATS DOUGHNUT VINTAGE TEE - Talla XS - Color Negro,,T-SHIRT,KITH,180,
,1,,00001689,FLOCK ARROW SLIM TEE BEIGE BLACK - Talla XXL - Color Beige,,T-SHIRT,OFF WHITE,1599,
,1,,00001692,HAMMER SKATE TEE BLACK BLUE - Talla L - Color Negro 2013,,T-SHIRT MANGA LARGA,OFF WHITE,1399,
,1,,00001695,CARAVAGGIO LUTE TEE BLACK MULTICOLOR - Talla S - Color Negro Manga Larga,,T-SHIRT MANGA LARGA,OFF WHITE,1699,
,1,,00001700,GRAFF WHT PUPP SKATE WHITE MULTICOLOR - Talla XS - Color Blanco,,T-SHIRT MANGA LARGA,OFF WHITE,1000,
,1,1,00001706,VALLEY LOVE ICE OF LIGHT GREY - Talla M - Color Plomo,STREETWEAR LUJOSO,T-SHIRT MANGA LARGA,VALLEY FOREVER,899,
,1,,00001707,VALLEY LOVE ICE OF LIGHT GREY - Talla L - Color Plomo,,T-SHIRT MANGA LARGA,VALLEY FOREVER,899,
,0,,00001712,FC Barcelona x Travis Scott - Size L -  Color Guinda Azul,,CAMISETA,TRAVIS SCOTT,1599,
,1,1,00001717,ACM X OFF WHITE JSY REPLIC PUMA BLACK POWER GREEN - Talla L - Color Negro,DISEÑADOR,CAMISETA,OFF WHITE,1800,
,1,1,00003000,ALLOVER PALMS BOWLING SHIR BLACK WHITE - Talla S (48) - Negro Camisa,DISEÑADOR,CAMISA,PALM ANGELS,1499,
,1,1,00003005,PALMS ALLOVER SHIRT BLACK WHITE - Talla S (46) - Color Negro Camisa,DISEÑADOR,CAMISA,PALM ANGELS,1499,
,1,1,00003010,DAMIER PRINT BOWLING SHIR BLACK RED - Talla S (46) - Color Negro cuadros Camisa,DISEÑADOR,CAMISA,PALM ANGELS,1899,
,1,1,00003018,STAR ARROW POPL BOWLING SH WHITE BLACK - Talla XL (48) - Color Blanco,DISEÑADOR,CAMISA,OFF WHITE,1899,
,1,1,00003024,STAR ARROW POPL BOWLING SH WHITE BLACK - Talla XXL (52) - Color Blanco,DISEÑADOR,CAMISA,OFF WHITE,1899,
,1,1,00003027,Gang Popl Bowling Shirt Black White - Size L (48) - Color Negro,DISEÑADOR,CAMISA,OFF WHITE,1800,
,1,1,00003033,Off White Spray Arrow Popl Bowling White Black - Size XL (50) - Color Blanco,DISEÑADOR,CAMISA,OFF WHITE,1800,
,1,1,00003037,TYPE AO VISC BOWLING SHIRT BLACK - Talla L (48) - Color Negro,DISEÑADOR,CAMISA,OFF WHITE,1699,
,0,,00003048,FRESCO ARROW POPL BOWLING WHITE MULTICOLOR - Talla XL (52) - Color Blanco,,CAMISA,OFF WHITE,1999,
,1,1,00003052,POCKET SHIRT NYLON BLACK GREEN - Talla L - Color Negro Camisa,DISEÑADOR,CAMISA,HERON PRESTON,1499,
,0,,00003056,PUTTI POPL BOWLING SHIRT BLACK WHITE - Talla M (46) - Color Negro,,CAMISA,OFF WHITE,1899,
,1,,00003057,PUTTI POPL BOWLING SHIRT BLACK WHITE - Talla L (48) - Color Negro,DISEÑADOR,CAMISA,OFF WHITE,1899,
,1,,00003063,JERSEY OFF WHITE GOTHIC BASEBALL BRAND - Talla XL (48) - Color Blanco,DISEÑADOR,CAMISA,OFF WHITE,1799,
,1,1,00003067,EMBOSSED BANDANA OVERSHIRT CREAM  - Talla L (48) - Color Crema,DISEÑADOR,CAMISA MANGA LARGA,PALM ANGELS,1200,
,1,1,00003074,CLASSIC LOGO OVER SHIRT BLACK GREY - Talla XXL - Color Negro Gris Cuadros,DISEÑADOR,CAMISA MANGA LARGA,PALM ANGELS,1200,
,1,1,00003078,23 LOGO HEAVYCOT OVERSHIRT WHITE BLACK - Talla XL - Color Blanco,DISEÑADOR,CAMISA MANGA LARGA,OFF WHITE,1999,
,1,1,00003079,23 LOGO HEAVYCOT OVERSHIRT WHITE BLACK - Talla XXL  - Color Blanco,DISEÑADOR,CAMISA MANGA LARGA,OFF WHITE,1999,
,1,1,00003080,ARROW FLANNEL SHIRT BLACK WHITE - Talla S - Color Verde cuadro negro,DISEÑADOR,CAMISA FRANELA,OFF WHITE,1799,
,1,1,00003087,HELVET FINE KNIT RIB TURTL GREEN - Talla L - Color Verde,DISEÑADOR,CAFARENA MUJER,OFF WHITE,999,
,1,1,00003093,HELVET FINE KNIT RIB TURTL BEIGE - Talla XL - Color Beige,DISEÑADOR,CAFARENA MUJER,OFF WHITE,999,
,0,,00004001,HOODIE TEDDY BEAR BLACK - Talla M - Color Negro Oso Decapic,,HOODIE,PALM ANGELS,2499,
,1,1,12000022,JR - Palm Angels Hoodie Bear In Mind Black - Size L,DISEÑADOR,HOODIE,PALM ANGELS,2499,
,1,1,00004011,Palm Angels HOODIE CURVED LOGO PALM ANGELS - Talla M - Color Negro Classic,DISEÑADOR,HOODIE,PALM ANGELS,2200,
,1,1,00004016,HOODIE MOONLIGHT RHUDE - Talla M - Color Negro Azul,DISEÑADOR,HOODIE,RHUDE,2200,
,1,1,00004020,HERON TIME FLAMES HOODIE BLACK RED - Talla S - Negro Rojo,DISEÑADOR,HOODIE,HERON PRESTON,2600,
,1,1,00004028,FLOCK ARROW SKATE HOODIE BLACK WHITE - Talla XL - Color negro,DISEÑADOR,HOODIE,OFF WHITE,2499,
,1,,00004030,FOOTBALL OVER HODDIE COLLEGE GREEN - Talla S - Color Verde,,HOODIE,OFF WHITE,2399,
,1,1,00004038,OW 23 SKATE HOODIE NAUTICAL BLUE - Talla XL - Color Azul,DISEÑADOR,HOODIE,OFF WHITE,2499,
,1,1,00004042,HOODIE DIAG HELVETICA OFF WHITE BLACK - Talla L - Color Negro,DISEÑADOR,HOODIE,OFF WHITE,2399,
,1,1,00004046,HOODIE OFF WHITE FOOTBALL OVER BLACK - Talla M - Color Negro,DISEÑADOR,HOODIE,OFF WHITE,2499,
,0,,00004052,TRAVIS SCOTT X FOX RACING II HOODIE - Talla L - Color Marron,,HOODIE,TRAVIS SCOTT,1499,
,1,1,00004057,AMIRI STARBURST HOODIE BLACK - Talla L - Color Negro,DISEÑADOR,HOODIE,AMIRI,2399,
,0,,00004062,BAPE CAMO COLLAGE PULLOVER HOODIE NAVY - Talla L - Color Azul Camuflado,,HOODIE,BAPE,1499,
,1,1,00004063,BAPE CAMO COLLAGE PULLOVER HOODIE NAVY - Talla XL - Color Azul Camuflado,STREETWEAR LUJOSO,HOODIE,BAPE,1499,
,1,,00004067,VALLEY FREEDOM ZIP UP MAUVE - Talla L - Color Morado,,HOODIE,VALLEY FOREVER,1499,
,1,1,00004070,VALLEY FOREVER CASPER ZIP UP HOODIE GREY - Talla S - Color Plomo,STREETWEAR LUJOSO,HOODIE,VALLEY FOREVER,1399,
,0,,00004078,VALLEY SKYLINE ZIP UP HOODIE MULTICOLOR - Talla XL - Color Azul,,HOODIE,VALLEY FOREVER,1399,
,0,,00004081,VALLEY NOISE ZIP UP DARK GREY - Talla M - Color Plomo,,HOODIE,VALLEY FOREVER,1459,
,1,1,16000043,JAM - FOG HOODIE DARK OATMEAL - Talla S - Color Plomo Melange,STREETWEAR LUJOSO,HOODIE,ESSENTIALS,750,
,1,1,00004093,FOG HOODIE STRECH LIMO - Size XL - Color Negro Verdoso,STREETWEAR LUJOSO,HOODIE,ESSENTIALS,750,
,1,1,00004100,FOG HOODIE PLUM - Talla S - Color Marron,STREETWEAR LUJOSO,HOODIE,ESSENTIALS,750,
,1,1,00004106,FOG HOODIE SYCAMORE - Talla M - Color Verde Agua,STREETWEAR LUJOSO,HOODIE,ESSENTIALS,750,
,1,1,00004107,FOG HOODIE SYCAMORE - Talla L - Color Verde Agua,STREETWEAR LUJOSO,HOODIE,ESSENTIALS,750,
,1,1,00004112,FOG HOODIE  TAUPE - Talla L - Color Kaki,STREETWEAR LUJOSO,HOODIE,ESSENTIALS,750,
,1,,00004116,FOG FLEECE HOODIE LIGHT HEATHER GRAY - Talla M - Color Plomo Melange,,HOODIE,ESSENTIALS,750,
,1,1,00004117,FOG FLEECE HOODIE LIGHT HEATHER GRAY - Talla L - Color Plomo Melange,STREETWEAR LUJOSO,HOODIE,ESSENTIALS,750,
,0,,00004120,FOG HOODIE LIGHT OATMEAL - Talla XS - Color Plomo Claro,,HOODIE,ESSENTIALS,750,
,1,1,16000044,JAM - FOG HOODIE LIGHT OATMEAL - Size S,STREETWEAR LUJOSO,HOODIE,ESSENTIALS,750,
,1,,00004122,JAM - FOG HOODIE LIGHT OATMEAL - Talla M - Color Plomo Claro,,HOODIE,ESSENTIALS,750,
,1,1,00004123,FOG HOODIE LIGHT OATMEAL - Talla L - Color Plomo Claro,STREETWEAR LUJOSO,HOODIE,ESSENTIALS,750,
,1,,00004124,FOG HOODIE LIGHT OATMEAL - Talla XL - Color Plomo Claro,,HOODIE,ESSENTIALS,750,
,1,1,00004125,FOG HOODIE DESERT TAUPE - Talla S - Color Beige Claro,STREETWEAR LUJOSO,HOODIE,ESSENTIALS,750,
,1,1,00004130,FOG HOODIE WOOD - Talla XS - Color Verde,STREETWEAR LUJOSO,HOODIE,ESSENTIALS,750,
,1,1,00004132,FOG HOODIE WOOD - Talla M - Color Verde,STREETWEAR LUJOSO,HOODIE,ESSENTIALS,750,
,1,1,00004135,FOG HOODIE ESSENTIALS EGGSHELL - Talla S - Color Crema Claro,STREETWEAR LUJOSO,HOODIE,ESSENTIALS,750,
,1,1,00004137,FOG HOODIE ESSENTIALS EGGSHELL - Talla L - Color Crema Claro,STREETWEAR LUJOSO,HOODIE,ESSENTIALS,750,
,1,1,00004142,FOG HOODIE 1977 GREY - Talla L - Color Plomo Melange,STREETWEAR LUJOSO,HOODIE,ESSENTIALS,750,
,2,1,00004145,FOG HOODIE 1977 WHEAT - Talla S - Color crema,STREETWEAR LUJOSO,HOODIE,ESSENTIALS,750,VENTA SALE EN TALLA XS PERO EN STOK NO HAY XS 
,1,1,00004146,FOG HOODIE 1977 WHEAT - Talla M - Color crema,STREETWEAR LUJOSO,HOODIE,ESSENTIALS,750,
,1,1,00004147,FOG HOODIE 1977 WHEAT - Talla L - Color crema,STREETWEAR LUJOSO,HOODIE,ESSENTIALS,750,
,1,1,00004151,FOG HOODIE OFF BLACK - Talla M - Color Negro Verdoso,STREETWEAR LUJOSO,HOODIE,ESSENTIALS,750,
,1,1,00004156,FOG HOODIE SHRUNKEN HAETHER GRAY - Talla M - Color Plomo,STREETWEAR LUJOSO,HOODIE,ESSENTIALS,750,
,1,1,00004157,FOG HOODIE SHRUNKEN HAETHER GRAY - Talla L - Color Plomo Marron,STREETWEAR LUJOSO,HOODIE,ESSENTIALS,750,
,1,,00004160,FOG HOODIE HEATHER GRAY - Talla XS - Color Plomo Marron,,HOODIE,ESSENTIALS,750,
,1,1,00004161,FOG HOODIE HEATHER GRAY - Talla S - Color Plomo,STREETWEAR LUJOSO,HOODIE,ESSENTIALS,750,
,1,1,00004163,FOG HOODIE HEATHER GRAY - Talla L - Color Plomo Marron,STREETWEAR LUJOSO,HOODIE,ESSENTIALS,750,
,1,1,00004167,FOG HOODIE SMOKE - Talla L - Color Plomo Humo,STREETWEAR LUJOSO,HOODIE,ESSENTIALS,750,
,1,1,00004168,FOG HOODIE SMOKE - Talla XL - Color Plomo Humo,STREETWEAR LUJOSO,HOODIE,ESSENTIALS,750,
,1,1,00004173,DENIM TEARS THE COTTON WREATH SWEATSHIRT PINK - Talla XL - Color Rosado,STREETWEAR LUJOSO,HOODIE,DENIM TEARS,1500,
,1,1,00004177,HOODIE JORDAN X NINA CHANEL ORANGE - Talla L - Color Naranja,STREETWEAR LUJOSO,HOODIE,JORDAN X NINA CHANELL,1200,
,1,1,00004180,Palm Angels Palms Pencil Crew Sudadera Negro Hombre Black - Size S,DISEÑADOR,POLERA CREW NECK,PALM ANGELS,1599,
,1,1,00004187,LOGO FLAMES VINT CREW BLACK RED - Talla L - Color Negro Acid Wash,DISEÑADOR,POLERA CREW NECK,PALM ANGELS,1999,
,0,,00004191,HERON LAW FLAMES CREWNECK GREY WHITE - Talla M - Color Gris,,POLERA CREW NECK,HERON PRESTON,2300,
,1,1,00004197,AMIRI MUSIC RECORD CREW - Talla L - Color Negro,DISEÑADOR,POLERA CREW NECK,AMIRI,2200,
,1,1,00004201,OVER DYET DENIM SKATE JACKET BROWN - Talla M - Color Marron,DISEÑADOR,CASACA JEANS,OFF WHITE,1899,
,1,1,00004206,WINDBREAK PALM ANGELS - Talla M - Color Azul Verde Tornasolado,DISEÑADOR,CASACA - CORTAVIENTO,PALM ANGELS,1000,
,1,,00004211,MILITARY BUFFALO FIELD JACKET MILITARY BLACK - Talla M - Color Verde Militar,,CHAQUETA,PALM ANGELS,1899,
,1,1,00004216,SLIM TRACKTOP BLACK WHITE - Talla M - Color Negro,DISEÑADOR,CHAQUETA DEPORTIVA,OFF WHITE,1499,
,1,1,00005000,FOG SWEATSHORT LIGHT OEATMEAL - Talla XS - Color Plomo Claro,STREETWEAR LUJOSO,SHORT,ESSENTIALS,550,
,0,,00005002,FOG SWEATSHORT LIGHT OEATMEAL - Talla M - Color Plomo Claro,STREETWEAR LUJOSO,SHORT,ESSENTIALS,550,
,2,2,00005003,FOG SWEATSHORT LIGHT OEATMEAL - Talla L - Color Plomo Claro,STREETWEAR LUJOSO,SHORT,ESSENTIALS,550,
,1,1,00005004,FOG SWEATSHORT LIGHT OEATMEAL - Talla XL - Color Plomo Claro,STREETWEAR LUJOSO,SHORT,ESSENTIALS,550,
,1,1,00005006,FEAR OF GOD SWEATSHORT ESSENTIALS JET BLACK - Talla M - Color Negro Cordon Marron,STREETWEAR LUJOSO,SHORT,ESSENTIALS,550,
,1,1,00005010,FEAR OF GOD SWEATSHORT ESSENTIALS IRON - Talla XS - Color Plomo Hierro,STREETWEAR LUJOSO,SHORT,ESSENTIALS,550,
,1,,00005011,FEAR OF GOD SWEATSHORT ESSENTIALS IRON - Talla S - Color Plomo Hierro,STREETWEAR LUJOSO,SHORT,ESSENTIALS,550,
,0,,00005012,FEAR OF GOD SWEATSHORT ESSENTIALS IRON - Talla M - Color Plomo Hierro,STREETWEAR LUJOSO,SHORT,ESSENTIALS,500,
,2,1,00005013,FEAR OF GOD SWEATSHORT ESSENTIALS IRON - Talla L - Color Plomo Hierro,STREETWEAR LUJOSO,SHORT,ESSENTIALS,550,NO SALE LA TALLA EN EL REGISTRO
,1,,00005014,FEAR OF GOD SWEATSHORT ESSENTIALS IRON - Talla XL - Color Plomo Hierro,STREETWEAR LUJOSO,SHORT,ESSENTIALS,550,
,0,,00005017,FEAR OF GOD ESSENTIALS CLASSIC SWEATSHORT JET BLACK - Talla L - Negro Verdoso Logo Blanco,STREETWEAR LUJOSO,SHORT,ESSENTIALS,550,
,2,1,00005018,FEAR OF GOD ESSENTIALS CLASSIC SWEATSHORT JET BLACK - Talla XL - Negro Verdoso Logo Blanco,STREETWEAR LUJOSO,SHORT,ESSENTIALS,550,
,1,1,00005020,FOG SWEATSHORT STRECH LIMO S22 - Talla XS - Color Negro Verdoso Logo Negro,STREETWEAR LUJOSO,SHORT,ESSENTIALS,550,
,2,1,00005021,FOG SWEATSHORT STRECH LIMO S22 - Talla S - Color Negro Verdoso Logo Negro,STREETWEAR LUJOSO,SHORT,ESSENTIALS,550,
,0,,00005022,FOG SWEATSHORT STRECH LIMO S22 - Talla M - Color Negro Verdoso Logo Negro,,SHORT,ESSENTIALS,550,
,0,,00005026,FEAR OF GOD ESSENTIALS SHORT (SS21) TAUPE - Talla M - Color Kaki,,SHORT,ESSENTIALS,550,
,0,,00005030,FOG SWEATSHORT DARK OARTMEAL - Talla XS - Color Plomo Melange,,SHORT,ESSENTIALS,550,
,2,2,00005033,FOG SWEATSHORT DARK OARTMEAL - Talla L - Color Plomo Melange,STREETWEAR LUJOSO,SHORT,ESSENTIALS,550,
,1,,00005034,FOG SWEATSHORT DARK OARTMEAL - Talla XL - Color Plomo Melange,,SHORT,ESSENTIALS,550,
,1,,00005036,FOG SWEATSHORT ESSENTIALS TAN  - Talla M - Color Beige,,SHORT,ESSENTIALS,550,
,1,,00005047,DENIM TEARS SHORTS BLACK -Talla L - Color Negro,,SHORT,DENIM TEARS,999,
,0,,00005052,ERIC EMANUEL X NEW ERA EE BASIC SHORT CHICAGO BULLS - Talla L - Color Negro,,SHORT,ERIC EMANUEL X NEW ERA,750,
,1,1,00006002,Palm Angels PATCHWORK MILITARY CARGO PANT - Talla L - Color Verde Militar,DISEÑADOR,PANTALON CARGO,PALM ANGELS,1800,
,1,1,00006009,CURVED LOGO BACK 5 POCKETS BLACK WHITE - Talla 36 - Color Negro Gris,DISEÑADOR,PANTALON JEANS,PALM ANGELS,2200,
,1,1,00006012,Off White OVER DYET STRAIGHT JEANS BROWN - Talla 32 - Color Marron,DISEÑADOR,PANTALON JEANS,OFF WHITE,1899,
,1,1,00006022,MA QUAD STRAIGHT - LEG DISTRESSED JEANS AMIRI - Talla 32 - Color Azul,DISEÑADOR,PANTALON JEANS,AMIRI,2200,
,1,2,00006023,MA QUAD STRAIGHT - LEG DISTRESSED JEANS AMIRI - Talla 34 - Color Azul,DISEÑADOR,PANTALON JEANS,AMIRI,2200,
,1,,00006027,IMPACT PINSTRIPE DENIM PLEASURE - Talla 32 - Color azul,,PANTALON JEANS,PLEASURE,1399,
,1,1,00006032,VALLEY COCOA PAINTERS PANT - Talla 32 - Color Marron,STREETWEAR LUJOSO,PANTALON JEANS,VALLEY FOREVER,1499,
,1,1,00006033,VALLEY COCOA PAINTERS PANT - Talla 34 - Color Marron,STREETWEAR LUJOSO,PANTALON JEANS,VALLEY FOREVER,1499,
,1,1,00006037,VALLEY 1980 PAINTERS CREAM - Talla 32 - Color Crema,STREETWEAR LUJOSO,PANTALON JEANS,VALLEY FOREVER,1499,
,1,1,00006038,VALLEY 1980 PAINTERS CREAM - Talla 34 - Color Crema,STREETWEAR LUJOSO,PANTALON JEANS,VALLEY FOREVER,1499,
,1,,00006042,VALLEY FOREVER PANTS GREEN - Talla 32 - Color Verde,,PANTALON JEANS,VALLEY FOREVER,1499,
,1,1,00006043,VALLEY FOREVER PANTS GREEN - Talla 34 - Color Verde,STREETWEAR LUJOSO,PANTALON JEANS,VALLEY FOREVER,1499,
,1,1,00006044,VALLEY FOREVER PANTS GREEN - Talla 36 - Color Verde,STREETWEAR LUJOSO,PANTALON JEANS,VALLEY FOREVER,1499,
,1,1,00006048,VALLEY 1980 PAINTERS BLACK - Talla 34 - Color Negro,STREETWEAR LUJOSO,PANTALON JEANS,VALLEY FOREVER,1499,
,1,1,00007000,CTNMB NYLON TRACKPANTS BLACK WHITE - Talla S - Color Negro,DISEÑADOR,PANTALON BUZO,HERON PRESTON,999,
,1,1,00007008,NIKE AIR JORDAN X OFF WHITE WOVEN BLACK - Talla XL - Color Negro,DISEÑADOR,PANTALON BUZO,OFF WHITE,1299,
,2,1,00007011,FOG RELAXED SWEATPANTS (SS22) LIGHT OATMEAL - Talla M -  Color Plomo Claro,STREETWEAR LUJOSO,PANTALON BUZO,ESSENTIALS,750,
,2,,00007012,FOG RELAXED SWEATPANTS (SS22) LIGHT OATMEAL - Talla L -  Color Plomo Claro,,PANTALON BUZO,ESSENTIALS,750,
,1,1,00007013,FOG RELAXED SWEATPANTS (SS22) LIGHT OATMEAL - Talla XL - Color Plomo Claro,STREETWEAR LUJOSO,PANTALON BUZO,ESSENTIALS,750,
,0,,00007015,FOG RELAXED SWEATPANTS (SS22) STRECH LIMO - Talla XS - Color Negro Verdoso,,PANTALON BUZO,ESSENTIALS,750,
,1,1,00007016,FOG RELAXED SWEATPANTS (SS22) STRECH LIMO - Talla S - Color Negro Verdoso,STREETWEAR LUJOSO,PANTALON BUZO,ESSENTIALS,750,
,0,,00007017,FOG RELAXED SWEATPANTS (SS22) STRECH LIMO - Talla M - Color Negro Verdoso,,PANTALON BUZO,ESSENTIALS,750,
,1,1,00007020,FOG RELAXED SWEATPANTS (SS22) DARK OATMEAL - Size S - Color Plomo Melange,STREETWEAR LUJOSO,PANTALON BUZO,ESSENTIALS,750,
,1,1,00007021,FOG RELAXED SWEATPANTS (SS22) DARK OATMEAL - Talla M - Color Plomo Melange,STREETWEAR LUJOSO,PANTALON BUZO,ESSENTIALS,750,
,1,1,00007022,FOG RELAXED SWEATPANTS (SS22) DARK OATMEAL - Talla L - Color Plomo Melange,STREETWEAR LUJOSO,PANTALON BUZO,ESSENTIALS,750,
,1,1,00007023,FOG RELAXED SWEATPANTS (SS22) DARK OATMEAL - Talla XL - Color Plomo Melange,STREETWEAR LUJOSO,PANTALON BUZO,ESSENTIALS,750,
,1,,00007025,FOG RELAXED SWEATPANTS (SS22) IRON - Talla S - Color Plomo Hierro,STREETWEAR LUJOSO,PANTALON BUZO,ESSENTIALS,750,
,1,,00007027,FOG RELAXED SWEATPANTS (SS22) IRON - Talla L - Color Plomo Hierro,,PANTALON BUZO,ESSENTIALS,750,
,1,1,00007030,FOG FLEECE ESSENTIALS SWEATPANTS BLACK - Talla XS - Color Negro,STREETWEAR LUJOSO,PANTALON BUZO,ESSENTIALS,750,
,1,1,00007037,DENIM TEARS THE COTTON WREATH SWEATPANTS BLACK - Talla L - Color Negro,STREETWEAR LUJOSO,PANTALON BUZO,DENIM TEARS,1100,
,1,1,00000100,Palm Angels Crossroads Bears Cap Black Multicolors - Regulable - Color Negro,DISEÑADOR,GORRA REGULABLE CURVA,PALM ANGELS,550,
,1,1,00000101,CLASSIC LOGO CHECK TRUCKER BLACK GREEN - Regulable Malla - Negro Verde,DISEÑADOR,GORRA REGULABLE CURVA,PALM ANGELS,599,
,1,1,00000102,ESSENTIALS BASEBALL CAP ROYAL BLUE FOG - Color AZUL BLANCO,STREETWEAR LUJOSO,GORRA REGULABLE PLANA,ESSENTIALS X NEW ERA,599,
,0,,00000103,DENIM TEARS THE COTTON WREATH FITTED CAP BLACK - Talla S - Color Negro Regulable,,GORRA REGULABLE CURVA,DENIM TEARS,750,
,0,,00000104,SUPREME X NEW ERA GRADIENT BOX LOGO 59 FIFTY - Talla 7 3/8 - Color Rosado,,GORRA CERRADA PLANA,SUPREME X NEW ERA,550,
,1,1,00000105,SUPREME X NEW ERA GOLD CROSS LOGO - Talla 7 1/4 - Color Azul,STREETWEAR LUJOSO,GORRA CERRADA PLANA,SUPREME X NEW ERA,550,
,0,,00000106,Supreme Bucket Hat Playoffs Mesh Crusher - Size S/M,STREETWEAR LUJOSO,GORRA CAMPERA,SUPREME,650,
,1,1,00000107,NEW ERA 59 FIFTY LOS ANGELES DODGERS MLB - Color Azul,STREETWEAR LUJOSO,GORRA CERRADA PLANA,NEW ERA,499,
,1,1,00000200,PA BEAR BEANIE BLACK BROWN - Talla S - Color Negro Oso Decapic,DISEÑADOR,BEANIE,PALM ANGELS,699,
,1,1,00000203,DAMIER BEANIE BLACK WHiTE - Talla S - Color Blanco Negro Cuadros,DISEÑADOR,BEANIE,PALM ANGELS,550,
,1,1,00000206,COLORBLOCK BEANIE SAND BLACK - Talla S - Color Negro Blanco,DISEÑADOR,BEANIE,PALM ANGELS,499,
,0,,00000209,COLORBLOCK BEANIE BUTTER BLACK - Talla S - Color Negro,,BEANIE,PALM ANGELS,499,
,1,1,00000212,ARROW BEANIE ARMY GREEN BLACK - Talla S - Color Verde,DISEÑADOR,BEANIE,OFF WHITE,559,
,1,,PACK0301,Hanes Crew Socks Fluoryell Pack x 4 - Size S - Color Verde Neon,,MEDIAS,SUPREME,399,
,2,2,PACK0104,Supreme Hanes Boxer Brief White Pack x 4 - Size XL,STREETWEAR LUJOSO,BOXER,SUPREME,399,
,1,,UND00100,HANES BOXER BRIEF - Talla M - Color Blanco 1 und,,BOXER,SUPREME,99.5,
,2,,PACK0300,HANES CREW SOCKS RED - Talla S - Color Rojo 4 Pack,,MEDIAS,SUPREME,399,
,1,1,16000038,JAM - Supreme/Hanes Crew Socks Fluorescent Yellow Pack x 4,STREETWEAR LUJOSO,MEDIAS,SUPREME,399,
,1,,UND00300,Kaws X Andy Warhol X Uniqlo Long Black Socks UNDx1 - Size Estándar,,MEDIAS,KAWS X ANDY WAHOL X UNIQLO,100,
,2,2,00000500,SUPREME FIEL SIDE BAG RED - Color Rojo,STREETWEAR LUJOSO,MORRAL,SUPREME,750,
,1,1,00000501,SUPREME MINI SIDE BAG - Color Beige,STREETWEAR LUJOSO,MORRAL,SUPREME,499,
,1,2,00000503,Supreme Denim Mini Shoulder Bag Realtree Ap Camo,STREETWEAR LUJOSO,MORRAL,SUPREME,550,
,1,,00001722,Palm Angels Maglietta flames fron - Talla L - Color negro,,T-SHIRT,PALM ANGELS,1399,
,1,1,00001726,Palm Angels Foggy PA T-Shirt Black/White - Talla M - Color negro,DISEÑADOR,T-SHIRT,PALM ANGELS,1399,
,1,1,00001727,Palm Angels Foggy PA T-Shirt Black/White - Talla L - Color negro,DISEÑADOR,T-SHIRT,PALM ANGELS,1399,
,1,1,00001732,Palm Angels Men's Neck Logo T-Shirt - Talla L - Color Blanco,DISEÑADOR,T-SHIRT,PALM ANGELS,1399,
,1,1,00001737,Palm Angels teddy bear print cotton T-shirt Cream - Talla L - Color crema,DISEÑADOR,T-SHIRT,PALM ANGELS,1399,
,1,1,00001742,Palm Angels teddy bear print cotton T-shirt Blue - Talla L - Color azul,DISEÑADOR,T-SHIRT,PALM ANGELS,1399,
,1,1,00001747,Palm Angels teddy bear print cotton T-shirt Red - Talla L - Color rojo,DISEÑADOR,T-SHIRT,PALM ANGELS,1399,
,1,1,00001748,Palm Angels teddy bear print cotton T-shirt Red - Talla XL - Color rojo,DISEÑADOR,T-SHIRT,PALM ANGELS,1399,
,1,1,00001753,Palm Angels teddy bear print cotton T-shirtBlack - Talla XL - Color negro,DISEÑADOR,T-SHIRT,PALM ANGELS,1399,
,1,,00001751,Palm Angels Men's College T-Shirt - Talla M - Color Negro,,T-SHIRT,PALM ANGELS,1399,
,1,,00001752,Palm Angels Men's College T-Shirt - Talla L - Color Negro,,T-SHIRT,PALM ANGELS,1399,
,1,1,00001757,Palm Angels Men's College Black T-Shirt - Talla L,DISEÑADOR,T-SHIRT,PALM ANGELS,1399,
,1,1,00001762,Palm Angels Men's Neck Logo T-Shirt Black - Size L,DISEÑADOR,T-SHIRT,PALM ANGELS,1399,
,1,,00001772,Palm Angels Paradise Palm T-shirt Yellow - Talla L - Color amarillo,,T-SHIRT,PALM ANGELS,1399,
,3,,00001777,The Palm Back T-Shirt Black - Talla L - Color negro,,T-SHIRT,PALM ANGELS,1399,
,1,2,00001782,Palm Angels Paradise Palm T-shirt Yellow - Size L,DISEÑADOR,T-SHIRT,PALM ANGELS,1399,
,1,,00001786,Palm Angels x Haas MoneyGram F1 Team Monza T-Shirt TeeRed - Talla M - Color rojo,,T-SHIRT,PALM ANGELS,1399,
,1,,00001791,Palm Angels x Haas MoneyGram F1 Team Monza T-Shirt GreyLight - Talla M - Color Gris,,T-SHIRT,PALM ANGELS,1399,
,1,1,00001796,Palm Angels x Haas MoneyGram F1 Team Monza T-Shirt TeeRed - Size M,DISEÑADOR,T-SHIRT,PALM ANGELS,1399,
,1,,00001797,Dollar-print Oversized T-shirt in Cotton - Talla L - Color crema,,T-SHIRT,PALM ANGELS,1399,
,1,1,00001801,Snake Milano Classic Black Green - Talla M - Color negro (palmera con serpiente),DISEÑADOR,T-SHIRT,PALM ANGELS,1399,
,1,,00001808,Snake Milano Classic White Green - Talla XL - Color blanco (palmera con serpiente),,T-SHIRT,PALM ANGELS,1399,
,2,1,00001811,Palm Angels Burning Palm Over Black/Gold Talla M - Color Negro,DISEÑADOR,T-SHIRT,PALM ANGELS,1399,NO HAY UN REGISTRO EXACTO DE LA VENTA 
,1,1,00001818,Palm Angels Burning Palm Over Black/Gold Talla XL - Color Negro,DISEÑADOR,T-SHIRT,PALM ANGELS,1399,
,1,1,00001823,Palm Angels Burning Palm Over Black/Gold Talla XL - Color Negro,DISEÑADOR,T-SHIRT,PALM ANGELS,1399,
,1,,00001826,Palm Angels Monogram Stud Classic T-Shirt - Talla M - Color Negro,,T-SHIRT,PALM ANGELS,1399,
,1,1,00001831,Palm Angels Dice Game Classic T-shirt Black - Talla M - Color negro,DISEÑADOR,T-SHIRT,PALM ANGELS,1399,
,1,1,00001836,MONTE CARLO T-SHIRT MONEYGRAM HAAS F1 TEAM Grey - Talla M - Color gris,DISEÑADOR,T-SHIRT,PALM ANGELS,1399,
,1,,00001843,MONTE CARLO T-SHIRT MONEYGRAM HAAS F1 TEAM Black - Talla XL - Color negro,,T-SHIRT,PALM ANGELS,1399,
,1,,00001846,Palm Angels Bear in Mind T-shirt Black - Talla M - Color negro,,T-SHIRT,PALM ANGELS,1399,
,1,1,00001852,Palm Angels Bear in Mind T-shirt Black - Talla L - Color negro,DISEÑADOR,T-SHIRT,PALM ANGELS,1399,
,1,1,00001856,T-Shirt Loose With Dragon - Lunar New Year in red - Talla M - Color rojo,DISEÑADOR,T-SHIRT,PALM ANGELS,1399,
,1,1,00001862,Palm Angels Burning Logo Tee Black/Gold - Talla L - Color negro,DISEÑADOR,T-SHIRT,PALM ANGELS,1399,
,1,1,00001868,Arrow Skate Crew-Neck Relaxed-Fit Cotton-Jersey T-Shirt - Talla XL - color negro,DISEÑADOR,T-SHIRT,OFF WHITE,1800,
,2,1,00001871,Stitch Brand-Print T-Shirt Black - Talla M - Color negro,DISEÑADOR,T-SHIRT,OFF WHITE,1800,
,1,1,00001876,OFF-WHITE Banknote Arrow Ska SS Tee - Talla M - Color negro,DISEÑADOR,T-SHIRT,OFF WHITE,1800,
,1,1,00001883,Off White Flower Skate Regular Fit T-Shirt - Talla XL - Color negro,DISEÑADOR,T-SHIRT,OFF WHITE,1800,
,1,1,00001886,Off-White Virgil Abloh World Caterpillar White - Talla M - Color blanco,DISEÑADOR,T-SHIRT,OFF WHITE,1800,
,1,1,00001891,Off White Cut Here Arrow Skate Sweatshirt Black - Talla M - Color negro,DISEÑADOR,T-SHIRT,OFF WHITE,1800,
,1,1,00001898,OFF-WHITE Tape Arrow Skate Short Sleeve T-shirt White - Talla XL - Color blanco,DISEÑADOR,T-SHIRT,OFF WHITE,1800,
,0,1,00001901,OFF-WHITE Spray Arrow Slim SS Tee - Talla M - Color crema,DISEÑADOR,T-SHIRT,OFF WHITE,1800,
,1,1,00001906,OFF-WHITE ARROW EMB SKATE S/S TEE ANGORA WHITE - Talla M - Color crema,DISEÑADOR,T-SHIRT,OFF WHITE,1800,
,0,,00001910,T-shirt grigia con stampa logo - Talla XS - Color negro acid wash,,T-SHIRT,OFF WHITE,1800,
,1,1,00001916,Off White 90s Liquid Slim S/s T Shirt White/black - Talla M - Color blanco,DISEÑADOR,T-SHIRT,OFF WHITE,1800,
,1,1,00001922,Windy Green Cotton T-Shirt - Talla L - Color verde,DISEÑADOR,T-SHIRT,OFF WHITE,1800,
,1,1,00001928,Blue Tape Design Short Sleeve T-Shirt - Talla XL - Color turqueza,DISEÑADOR,T-SHIRT,OFF WHITE,1800,
,1,,00001931,Arrow Skate S/s Tee - Talla M - Color blanco,,T-SHIRT,OFF WHITE,1800,
,1,1,00001938,Men's Grey X Ac Milan Graphic-print Cotton - Talla XL - Color gris,DISEÑADOR,T-SHIRT,OFF WHITE,1400,
,1,1,00001941,Round Logo Skate T-shirt - Talla M - Color plomo,DISEÑADOR,T-SHIRT,OFF WHITE,1600,
,1,1,00001946,OFF WHITE STITCH T-SHIRT WITH LOGO - Talla M - Color caqui,DISEÑADOR,T-SHIRT,OFF WHITE,1600,
,1,1,00001951,Men's Logo Arrow Cotton Short Sleeve T-Shirt - Talla M - Color negro,DISEÑADOR,T-SHIRT,OFF WHITE,1800,
,2,2,00001952,Men's Logo Arrow Cotton Short Sleeve T-Shirt - Talla L - Color negro,DISEÑADOR,T-SHIRT,OFF WHITE,1800,
,1,1,00001958,Off-White LANDSCAPE T-shirt  Blue - Talla XL - Color azul,DISEÑADOR,T-SHIRT,OFF WHITE,1400,
,1,1,00001961,CARTOON ARROW_SLIM S/S TEE - Talla M - Color negro,DISEÑADOR,T-SHIRT,OFF WHITE,1800,
,1,1,00001966,2024 Lunar New Year Skate Tee - Size M - Color negro,DISEÑADOR,T-SHIRT,OFF WHITE,1800,
,1,1,00001971,Off-White Super Moon Arrow Slim Short-Sleeve Tee Black/Multicolor - Talla M - Color negro acid wash (luna),DISEÑADOR,T-SHIRT,OFF WHITE,1800,
,1,1,00001976,Off-White Mykonos Exclusive Virgil Tee - Talla M - Color blanco con celeste,DISEÑADOR,T-SHIRT,OFF WHITE,999,
,1,1,00001977,Off-White Mykonos Exclusive Virgil Tee - Talla L - Color blanco con celeste,DISEÑADOR,T-SHIRT,OFF WHITE,999,
,1,,00001983,Off- White Tornado Arrow T-shirt Black - Talla XL - Color negro,,T-SHIRT,OFF WHITE,1800,
,1,,00001987,Printed detail cotton Tee White - Talla L - Color blanco,,T-SHIRT,OFF WHITE,1400,
,1,1,00001991,Men's Short-Sleeve Longline T-Shirt - Talla M -Color negro,DISEÑADOR,T-SHIRT,OFF WHITE,1600,
,1,1,00001994,Men's Short-Sleeve Longline T-Shirt - Talla XXL -Color negro,DISEÑADOR,T-SHIRT,OFF WHITE,1600,
,1,1,00001997,"T-SHIRT ""CARAVAGGIO"" IN JERSEY DI COTONE - Talla L - Color negro",DISEÑADOR,T-SHIRT,OFF WHITE,1800,
,1,1,00001998,"T-SHIRT ""CARAVAGGIO"" IN JERSEY DI COTONE - Talla XL - Color negro",DISEÑADOR,T-SHIRT,OFF WHITE,1800,
,0,,00002003,"OFF-WHITE X DSM ""OPTIMISM"" 2020 ELECTION T-SHIRT WHITE - Talla XL - Color blanco",,T-SHIRT,OFF WHITE,1600,
,1,,00002006,OFF-WHITE Slim Fit Caravaggio Saint Jerome Writing T-shirt - Talla M - Color negro,,T-SHIRT,OFF WHITE,1800,
,2,2,00002012,off-white-off-white-mykonos exclusive arrow - Talla L - Color blanco,DISEÑADOR,T-SHIRT,OFF WHITE,1400,
,1,1,00002017,Off-White Bacchus Slim T-Shirt - Talla L - Color negro acid wash,DISEÑADOR,T-SHIRT,OFF WHITE,1800,
,1,1,00002020,OFF-White Arrow On Canvas Print Tee Black - Talla S - Color negro,DISEÑADOR,T-SHIRT,OFF WHITE,1800,
,1,1,00002028,Off-White White Cut Here Slim T-Shirt Grey - Talla XL -Color gris,DISEÑADOR,T-SHIRT,OFF WHITE,1800,
,1,1,00002032,OFF-WHITE Wave Diag Print Slim Fit T-Shirt Green/White - Talla L -Color verde,DISEÑADOR,T-SHIRT,OFF WHITE,1800,
,1,1,00002036,Ice cold cafe white T-shirt - Talla M - Color blanco cuello rojo,DISEÑADOR,T-SHIRT,OFF WHITE,1000,
,1,1,00002042,All In One T-shirt - Talla L - Color Perla,DISEÑADOR,T-SHIRT,OFF WHITE,1000,
,1,1,00002048,DB ALLOVER SLIM TEE BLACK WHITE - Talla XL - color blanco covertura,DISEÑADOR,T-SHIRT,OFF WHITE,1000,
,1,1,00002053,FORTE DEI MARMI T-shirt - Talla XL - Color Blanco,DISEÑADOR,T-SHIRT,OFF WHITE,1400,
,1,1,00002056,AL music over tee grey t-shirt - Talla M - Color gris (logo musica),DISEÑADOR,T-SHIRT,OFF WHITE,1400,
,1,1,00002060,Heron Preston Off-White 'CTNMB' Turtleneck T-Shirt - Talla XS - Color blanco,,T-SHIRT,HERON PRESTON,1400,
,0,,00002068,BAPE Mad Shark Photo Print Relaxed Fit Tee Black - Talla XL - Color negro,,T-SHIRT,BAPE,550,
,0,,00002072,BAPE X BURBERRY COLLAB T-SHIRT - Talla L - Color negro,,T-SHIRT,BAPE,550,
,1,1,00002078,Vale Forever Mt Valemore Tee White - Talla XL - Color Blanco,STREETWEAR LUJOSO,T-SHIRT,VALLEY FOREVER,899,
,1,1,00002080,Skull Print Cotton Jersey T-shirt In Black Green - Talla S - Color negro,DISEÑADOR,T-SHIRT,HERON PRESTON,899,
,1,1,00002088,Off White Carav Arrow Skate Crewneck Sweatshirt Black/white - Talla XL - Color negro,DISEÑADOR,T-SHIRT MANGA LARGA,OFF WHITE,2000,
,0,,00002093,Vale Forever Camo Futball Thermal - Talla XL - Color Amarillo,STREETWEAR LUJOSO,T-SHIRT MANGA LARGA,VALLEY FOREVER,899,
,1,1,00002095,Palm Angels Green Long Sleeve T Shirt - Talla S - Color verde agua,DISEÑADOR,T-SHIRT MANGA LARGA,PALM ANGELS,1500,
,1,,00002106,Off-White Green Abloh Applique Mesh Jersey Football - Talla M - Color verde,,JERSEY,OFF WHITE,1800,
,1,,00002112,perforated Jersey black - Talla L - Color negro,,JERSEY,OFF WHITE,1800,
,1,1,00003096,Bear Bowling Shirt Palm Angels Blue - Talla M (48) - Color azul,DISEÑADOR,SOBRE CAMISA,PALM ANGELS,1500,
,1,1,00003101,Palm Angels Bowling Shirt Green Black - Size M (48) - Color verde cuadros negros,DISEÑADOR,SOBRE CAMISA,PALM ANGELS,1500,
,1,,00003106,Moncler x Palm Angels Logo Patch T-Shirt Navy Blue - Talla M - Color azul marino,,T-SHIRT,PALM ANGELS X MONCLER,1400,
,1,1,00004222,Vale Forever Heritage Zip Up 'Green Forever - Talla L - Color verde,STREETWEAR LUJOSO,HOODIE,VALLEY FOREVER,1500,
,1,1,00004228,Vale Big Chain Hoodie Grey - Talla XL - Color gris,STREETWEAR LUJOSO,HOODIE,VALLEY FOREVER,1500,
,1,1,00004231,Valley Hoodie Stone Zip Up Black Crystals - Talla M - Color gris acid wash pedreria,STREETWEAR LUJOSO,HOODIE,VALLEY FOREVER,1700,
,1,2,00004337,Amiri Bleach Bandana Denim Trucker Jacket - Talla L - Color negro,DISEÑADOR,DENIM JACKET,AMIRI,6500,
,1,1,00004341,Supreme Satin Piping Pullover Light Blue - Talla M - Color celeste,STREETWEAR LUJOSO,SUETER,SUPREME,1500,
,1,1,00005056,Off-White Windy Arrow Skate Sweatshort Black/White - Talla M -Color negro,DISEÑADOR,SHORT,OFF WHITE,1500,
,0,,00005060,Off-White Caravaggio Arrows Mesh Shorts - Talla S - Color negro,,SHORT,OFF WHITE,1500,
,0,,00006053,PALM ANGELS Metallic Straight-leg Trousers In Off White - Talla 34 - Color Plata,,PANTALON JEANS,PALM ANGELS,2200,
,1,1,00006057,Palm Angels Bull Logo Patch Regular 5 Pocket Jeans Off White/Black - Talla 33 - Color blanco,DISEÑADOR,PANTALON JEANS,PALM ANGELS,2200,
,1,1,00006062,ICECREAM Black Running Dog Jean - Talla 32 - Color negro,STREETWEAR LUJOSO,PANTALON JEANS,ICE CREAM,1000,
,1,1,00006065,PURPLE BRAND Faded Crystal Racer Skinny Jeans Black - Talla 31 - Color negro acid wash,STREETWEAR LUJOSO,PANTALON JEANS,PURPLE,1600,
,1,2,00006070,AMIRI 3D Bones Skinny-Fit Distressed Appliquéd Jeans - Talla 30 -Color celeste,DISEÑADOR,PANTALON JEANS,AMIRI,2800,
,1,1,00006073,Off-White Babybrush Contour Jeans White/Multicolor - Talla 34 - Color Blanco,DISEÑADOR,PANTALON JEANS,OFF WHITE,2500,
,1,1,00006079,Palm Angels Curved Logo Back B 5 Pocke Light Blue White - Talla 36 - Color celeste,DISEÑADOR,PANTALON JEANS,PALM ANGELS,2200,
,1,1,00006084,Printed Skate-Fit Jeans - Talla 36 - Color blanco,DISEÑADOR,PANTALON JEANS,OFF WHITE,1800,
,1,0,00007044,Palm Angels Classic Tracksuit Bottoms - Talla XXL - Color negro,DISEÑADOR,PANTALON BUZO,PALM ANGELS,999,
,1,1,00007048,Vale Forever Prison Break Sweats - Talla XL - Color negro,STREETWEAR LUJOSO,PANTALON BUZO,VALLEY FOREVER,999,
,1,1,00007054,Curved Logo Loose Pants Black - Talla 36 (48) - Color Negro,DISEÑADOR,PANTALON BUZO,PALM ANGELS,999,
,1,,00004347,Heavy Fleece Vintage Shrunken Hoodie Black - Talla L - Color negro,,HOODIE,ESSENTIALS,750,
,1,1,00004352,Fear Of God Metallic Logo Hoodie ‘Homestead Heather’ SP25 - Size L - Color Beige,STREETWEAR LUJOSO,HOODIE,ESSENTIALS,750,
,1,,00004356,Fear Of God Hoodie  Green - Talla M - Color verde agua,,HOODIE,ESSENTIALS,750,
,1,1,00004361,Off White MonaLisa Denim Shirt in bleach blue & blue - Size M - Color celeste,DISEÑADOR,JACKET,OFF WHITE,1999,
,1,1,00002116,Godspeed V.O.D 2024 T-shirt Grey Wash Hombre - SS24 - Size M - Color negro acid wash,STREETWEAR LUJOSO,T-SHIRT,GOODSPEED,1200,
,1,1,00002122,Unisex SpongeBob SquarePants Cactus Plant Flea Market UT Black - Size L - Color negro,STREETWEAR LUJOSO,T-SHIRT,UNIQLO,300,
,0,1,00002128,SpongeBob SquarePants Cactus Plant Flea Market UT Green - Size XL - Color verde,STREETWEAR LUJOSO,T-SHIRT,UNIQLO,300,
,1,1,00002130,SpongeBob SquarePants Cactus Plant Flea Market UT Graphic T-Shirt - Size S - Color blanco,STREETWEAR LUJOSO,T-SHIRT,UNIQLO,300,
,0,,00002137,KAWS x Uniqlo Warhol UT Graphic white - Size L - Color blanco,,T-SHIRT,UNIQLO X KAWS,300,
,0,,00002142,Supreme Motion Logo Tee Healther Grey Men´s - Size L - Color Plomo,,T-SHIRT,SUPREME,550,
,1,1,00005073,Fear Of God Essentials Shorts Dark Oatmeal - Size XL - Color Plomo,STREETWEAR LUJOSO,SHORT,ESSENTIALS,550,
,1,1,00005077,Fear Of God Essentials Shorts Beige - Size L - Color beige,STREETWEAR LUJOSO,SHORT,ESSENTIALS,550,
,1,1,00005080,Fear Of God Essentials Shorts Smoke - Size XS - Color Caqui,STREETWEAR LUJOSO,SHORT,ESSENTIALS,550,
,-1,,00006082,Vale Forever Fury Painters Pant Black - Size 32 - Color negro acid wash pedreria,,PANTALON JEANS,VALLEY FOREVER,1500,
,1,2,00006087,VALE FOREVER 1980S CARPENTERS - Size 32 - Color medio verdoso estampados,STREETWEAR LUJOSO,PANTALON JEANS,VALLEY FOREVER,1500,
,1,,00006092,Vale Forever CHAIN PAINTERS - Size 32 - Color negro acid wash,,PANTALON JEANS,VALLEY FOREVER,1500,
,1,1,00006097,ICECREAM Sky blue Running Dog Jean - Size 32 - Color celeste,STREETWEAR LUJOSO,PANTALON JEANS,ICE CREAM,1000,
,1,1,00002145,Rhude Cross Tee Black - Size S - Color negro,DISEÑADOR,T-SHIRT,RHUDE,1599,
,1,1,00002151,Rhude Cotswold Crest T-Shirt Vintage Black - Size M - Color negro,DISEÑADOR,T-SHIRT,RHUDE,1599,
,1,1,00002160,Dog Tag Big Tee Black - Size S - Color negro,STREETWEAR LUJOSO,T-SHIRT,VALLEY FOREVER,799,
,1,1,00002161,Dog Tag Big Tee Black - Size M - Color negro,STREETWEAR LUJOSO,T-SHIRT,VALLEY FOREVER,799,
,1,1,00002162,Dog Tag Big Tee Black - Size L - Color negro,STREETWEAR LUJOSO,T-SHIRT,VALLEY FOREVER,799,
,0,,00002165,Fever Bling Black - Size S - Color negro pedreria fucsia,,T-SHIRT,VALLEY FOREVER,899,
,0,,00002166,Fever Bling Black - Size M - Color negro pedreria fucsia,STREETWEAR LUJOSO,T-SHIRT,VALLEY FOREVER,899,
,1,1,00002167,Vale Forever Fever Bling Black - Size L - Color negro pedreria fucsia,STREETWEAR LUJOSO,T-SHIRT,VALLEY FOREVER,899,
,1,1,00002170,Vale Forever Camel Bling Big Tee Black - Size S - Color negro acid wash pedreria negro,STREETWEAR LUJOSO,T-SHIRT,VALLEY FOREVER,899,
,0,,00002171,Camel Bling Big Tee Black - Size M - Color negro acid wash pedreria negro,,T-SHIRT,VALLEY FOREVER,899,
,0,,00002172,Camel Bling Big Tee Black - Size L - Color negro acid wash pedreria negro,,T-SHIRT,VALLEY FOREVER,899,
,1,,00002175,Vale Forever Wraith Bling Tee White - Size S - Color blanco pedreria blanco,,T-SHIRT,VALLEY FOREVER,899,
,-1,,00002177,Wraith Bling Tee White - Size L - Color blanco pedreria blanco,,T-SHIRT,VALLEY FOREVER,899,
,1,1,00002180,Nyc Invasion Big Tee Black - Size S - Color negro,STREETWEAR LUJOSO,T-SHIRT,VALLEY FOREVER,799,
,1,1,00002181,Nyc Invasion Big Tee Black - Size M - Color negro,STREETWEAR LUJOSO,T-SHIRT,VALLEY FOREVER,799,
,1,1,00002185,Vale Forever Motocroxxx Tee Black - Size S - Color negro,STREETWEAR LUJOSO,T-SHIRT,VALLEY FOREVER,799,
,1,1,00002186,Motocroxxx Tee Black - Size M - Color negro,STREETWEAR LUJOSO,T-SHIRT,VALLEY FOREVER,799,
,1,1,00002190,Guard Dog Big Tee Black - Size S -Color negro,STREETWEAR LUJOSO,T-SHIRT,VALLEY FOREVER,799,
,1,1,00002191,Valley Forever Guard Dog Big Tee Black - Size M -Color negro,STREETWEAR LUJOSO,T-SHIRT,VALLEY FOREVER,799,
,1,1,00002192,Guard Dog Big Tee Black - Size L -Color negro,STREETWEAR LUJOSO,T-SHIRT,VALLEY FOREVER,799,
,1,1,00002197,Chrome Hearts Purple Neck Letter White Long Sleeve Shirt - Size L - Color blanco con cuello morado,DISEÑADOR,T-SHIRT MANGA LARGA,Chrome Hearts,1899,
,0,1,00002200,Uniqlo x CPFM Spongebob Squarepants UT Graphic - Size S - Color blanco,STREETWEAR LUJOSO,T-SHIRT,UNIQLO,300,
,1,1,00002203,Uniqlo x CPFM Spongebob Squarepants UT Graphic - Size XL - Color blanco,STREETWEAR LUJOSO,T-SHIRT,UNIQLO,300,
,1,,12000023,JR - Denim Mini Shoulder Bag Realtree AP Camo,,MORRAL,SUPREME,550,
,2,1,00000110,Supreme Contrast S Mesh Back 6-Panel Green - FW25 - US - Regulable malla - Color verde,STREETWEAR LUJOSO,GORRA REGULABLE CURVA,SUPREME,550,RETIRO POR MARKETING               
,0,,00000227,AMIRI Jazz Wolf Trucker Hat black - Regulable Malla - Color negro,DISEÑADOR,GORRA REGULABLE CURVA,AMIRI,1399,
,0,,00000112,Buy Chrome Hearts FUCK Hollywood Trucker Hat Black/White - Regulable plano malla - Color negro,,GORRA REGULABLE PLANA,Chrome Hearts,2999,
,1,1,00000113,Supreme Fox Racing 6-Panel Blue - Regulable curva - Color azul,STREETWEAR LUJOSO,GORRA REGULABLE CURVA,SUPREME X FOX,550,
,1,1,00000114,Supreme Denim Camp Cap Washed Indigo - Regulable plana - Color jeans lavado,STREETWEAR LUJOSO,GORRA REGULABLE CURVA,SUPREME,550,
,1,,00000115,Rhude x Automobili Lamborghini 63 Hat 'Navy/Brown - Regulable plana - Color azul marron,,GORRA REGULABLE PLANA,RHUDE,1199,
,0,,00000116,Supreme Bones Box Logo New Era 59Fifty Fitted Hat - Talla 7 1/2 - Color plomo huesitos,,GORRA CERRADA PLANA,SUPREME X NEW ERA,550,
,0,1,00002206,Supreme Wu-Tang Clan RZA Tee Yellow - Size M - Color amarillo,,T-SHIRT,SUPREME,550,
,1,1,00002212,Supreme x Frank Frazetta Destruction Green - Size L - Color verde palta,STREETWEAR LUJOSO,T-SHIRT,SUPREME,550,
,1,1,00002216,Supreme Camacho Tee Grey - Size M - Color gris,STREETWEAR LUJOSO,T-SHIRT,SUPREME,550,
,0,,00002227,Supreme The Exorcist Mother White - Size L - Color blanco,,T-SHIRT MANGA LARGA,SUPREME,550,
,1,1,00002228,Supreme The Exorcist Mother White - Size XL - Color blanco,STREETWEAR LUJOSO,T-SHIRT MANGA LARGA,SUPREME,550,
,1,1,00002232,Supreme The Exorcist Mother Pink - Size L - Color rosado,STREETWEAR LUJOSO,T-SHIRT MANGA LARGA,SUPREME,550,
,1,1,00002233,Supreme The Exorcist Mother Pink - Size XL - Color rosado,STREETWEAR LUJOSO,T-SHIRT MANGA LARGA,SUPREME,550,
,1,1,00002237,Supreme The Exorcist Puke Tee  Sky Blue - Size L - Color celeste,STREETWEAR LUJOSO,T-SHIRT,SUPREME,550,
,1,,00002243,Supreme The Exorcist Puke Tee  Brown - Size XL - Color celeste,,T-SHIRT,SUPREME,550,
,1,1,00002246,Supreme Skull Tee Black - Size M - Color negro,STREETWEAR LUJOSO,T-SHIRT,SUPREME,550,
,1,1,00002252,Supreme Skull Tee Red - Size L - Color rojo,STREETWEAR LUJOSO,T-SHIRT,SUPREME,550,
,1,1,00002253,Supreme Skull Tee Red - Size XL - Color rojo,STREETWEAR LUJOSO,T-SHIRT,SUPREME,550,
,1,1,00002256,Supreme Washed Tag Short-Sleeve Top Neon Green - Size M - Color verde neon,STREETWEAR LUJOSO,T-SHIRT,SUPREME,550,
,0,,00002262,Supreme Washed Tag Short-Sleeve Top White - Size M - Color blanco,,T-SHIRT,SUPREME,550,
,1,1,00002265,Supreme Fuckin Blowout Tee White - Size S - Color blanco,STREETWEAR LUJOSO,T-SHIRT,SUPREME,550,
,1,,00002273,Supreme Fuckin Blowout Tee Pink - Size XL - Color rosado,STREETWEAR LUJOSO,T-SHIRT,SUPREME,550,
,0,,00004366,Supreme Stars Studded Hooded Sweatshirt Dusty Gold - Size M - Color mostaza,,HOODIE,SUPREME,1500,
,1,1,00004372,Supreme Crest Applique Half Zip Pullover Light Blue - Size L - Color celeste,STREETWEAR LUJOSO,HOODIE,SUPREME,1250,
,1,1,00004377,Supreme Wings Zip Up Hooded Sweatshirt Black - Size L - Color negro,STREETWEAR LUJOSO,HOODIE,SUPREME,1800,
,1,1,00004381,Supreme The Exorcist Hooded Sweatshirt Black - Size M - Color negro,STREETWEAR LUJOSO,HOODIE,SUPREME,1500,
,1,1,00004387,Supreme Box Hooded Sweatshirt Dark Red - Size L - Color rojo,STREETWEAR LUJOSO,HOODIE,SUPREME,1300,
,1,1,00004392,Supreme Classic Logo Miami Shop Hooded Sweatshirt Pink - Size L - Color fucsia,STREETWEAR LUJOSO,HOODIE,SUPREME,1500,
,1,,00005085,Fear Of God Essentials Relaxed Short Wheat - Size S,,SHORT,ESSENTIALS,550,
,1,1,00004396,Vale Forever Carver Zip Up Black - Size M,STREETWEAR LUJOSO,HOODIE,VALLEY FOREVER,1499,
,1,1,00004401,Vale Forever Insignia Crewneck Dirty/White - Size M,STREETWEAR LUJOSO,HOODIE,VALLEY FOREVER,1099,
,2,2,00007055,Fear Of God (cuffless jogger) Dark Oatmeal - Size S,STREETWEAR LUJOSO,PANTALON BUZO,ESSENTIALS,750,
,1,1,00007056,Fear Of God (cuffless jogger) Dark Oatmeal - Size M,STREETWEAR LUJOSO,PANTALON BUZO,ESSENTIALS,750,
,2,2,00007057,Fear Of God (cuffless jogger) Dark Oatmeal - Size L,STREETWEAR LUJOSO,PANTALON BUZO,ESSENTIALS,750,
,1,1,00007062,Fear Of God (cuffless jogger) Light Oatmeal - Size L,STREETWEAR LUJOSO,PANTALON BUZO,ESSENTIALS,750,
,1,1,00007063,Fear Of God (cuffless jogger) Light Oatmeal - Size XL,STREETWEAR LUJOSO,PANTALON BUZO,ESSENTIALS,750,
,1,1,00007065,Fear Of God (cuffless jogger) Stretch Limo - Size XS,STREETWEAR LUJOSO,PANTALON BUZO,ESSENTIALS,750,
,1,1,00007066,Fear Of God (cuffless jogger) Stretch Limo - Size S,STREETWEAR LUJOSO,PANTALON BUZO,ESSENTIALS,750,
,2,2,00007067,Fear Of God (cuffless jogger) Stretch Limo - Size M,STREETWEAR LUJOSO,PANTALON BUZO,ESSENTIALS,750,
,1,1,00007070,Fear Of God (cuffless jogger) Iron - Size S,STREETWEAR LUJOSO,PANTALON BUZO,ESSENTIALS,750,
,1,1,00007072,Fear Of God (cuffless jogger) Iron - Size L,STREETWEAR LUJOSO,PANTALON BUZO,ESSENTIALS,750,
,1,1,00004110,Essentials Fog Hoodie Taupe - Size S,STREETWEAR LUJOSO,HOODIE,ESSENTIALS,750,
,1,1,00004152,Essentials Fog Hoodie Off Black - Size L,STREETWEAR LUJOSO,HOODIE,ESSENTIALS,750,
,1,1,00004088,Fog Hoodie Dark Oatmeal - Size XL,STREETWEAR LUJOSO,HOODIE,ESSENTIALS,750,
,1,1,10000000,RT - Supreme Y's by Yohji Yamamoto Baggy Jean - Size 32,STREETWEAR LUJOSO,PANTALON,SUPREME,1800,
,1,,10000001,RT - Supreme Black Reflective Double Knee Pants - Size 34,,PANTALON,SUPREME,1800,
,1,1,10000002,RT - Godspeed Goldie Racer Black - Size L,STREETWEAR LUJOSO,T-SHIRT,GOODSPEED,1200,
,1,1,10000003,RT - Godspeed Podium Dreams Stone - Size L,STREETWEAR LUJOSO,T-SHIRT,GOODSPEED,1200,
,1,1,10000004,RT - Martyrdom Arrow Skate Embroidered Graphic Black - Size XL,DISEÑADOR,T-SHIRT,OFF WHITE,2200,
,1,1,10000005,RT - Rhude Cross Logo Zip Up Hoodie Vintage Black - Size XL,DISEÑADOR,ZIP UP HOODIE,RHUDE,2500,
,1,1,10005000,AL - 00 Check Stripe Knitted Sweater Orange - Size S - Color Naranja,DISEÑADOR,SUETER,OFF WHITE,1800,
,1,,10005001,AL - 00 Check Stripe Knitted Sweater Orange - Size M - Color Naranja,,SUETER,OFF WHITE,,
,1,,10005002,AL - 00 Check Stripe Knitted Sweater Orange - Size L - Color Naranja,,SUETER,OFF WHITE,,
,1,,00002275,Off White Bacchus Skate Black Collage - Size S - Color Plomo Acid Wash,,T-SHIRT,OFF WHITE,1800,
,1,,10005004,AL - Ma Quad Straight - Leg Distressed Jeans Amiri - Size 32,,PANTALON,OFF WHITE,2200,
,0,,11000000,DM - Yeezy Gap Engineered by Balenciaga Dove 3/4 Sleeve Tee - Size S,,T-SHIRT,GAP X BALENCIAGA,500,
,2,1,11000001,DM - Yeezy Gap Engineered by Balenciaga Dove 3/4 Sleeve Tee - Size M,DISEÑADOR,T-SHIRT,GAP X BALENCIAGA,500,
,1,1,11000002,DM - Stars Studded Hooded Sweatshirt Navy - Size L,STREETWEAR LUJOSO,HOODIE,SUPREME,1500,
,1,1,11000003,DM - Stars Studded Hooded Sweatshirt Black - Size M,STREETWEAR LUJOSO,HOODIE,SUPREME,1500,
,0,,11000004,DM - Stars Studded Hooded Sweatshirt Black - Size L,,HOODIE,SUPREME,1500,
,1,1,11000005,DM - Supreme Chicago White Sox Stadium Jacket Black - Size L,STREETWEAR LUJOSO,JACKET,SUPREME,2400,
,1,1,11000006,DM - Supreme Football Zip Up Hooded Sweatshirt White - Size L,STREETWEAR LUJOSO,ZIP UP HOODIE,SUPREME,1600,
,1,1,11000007,DM - Supreme Football Zip Up Hooded Sweatshirt Black - Size L,STREETWEAR LUJOSO,ZIP UP HOODIE,SUPREME,1600,
,2,1,11000008,DM - Supreme MLB Teams Sox Tee Black - Size L,STREETWEAR LUJOSO,T-SHIRT,SUPREME,550,NO HAY REGISTRO DE LA VENTA 
,1,,11000009,DM - Supreme Snowman Tee Brown - Size M,,T-SHIRT,SUPREME,550,
,1,1,11000010,DM - Supreme Snowman Tee Brown - Size L,STREETWEAR LUJOSO,T-SHIRT,SUPREME,550,
,1,,11000011,DM - Vale Forever Carver Zip Up Black -Size XXL,,ZIP UP HOODIE,SUPREME,1500,
,0,,11000027,DM - Box Logo New Era x Balaclava Black - 7 1/4,,GORRA CERRADA PLANA,SUPREME X NEW ERA,650,
,1,1,11000028,DM - Box Logo New Era x Balaclava Black - 7 3/8,STREETWEAR LUJOSO,GORRA CERRADA PLANA,SUPREME X NEW ERA,650,
,0,,11000029,DM - Jacquard Logos Denim Camp Cap Blue - Regulable,,GORRA REGULABLE PLANA,SUPREME,650,
,1,1,11000030,DM - Supreme Studded Mesh Back 5-Panel Navy - Regulable malla pedreria,STREETWEAR LUJOSO,GORRA REGULABLE PLANA,SUPREME,650,
,2,1,11000031,DM - Supreme/MLB Teams Box Logo New Era White Sox Black - 7 3/8,STREETWEAR LUJOSO,GORRA CERRADA PLANA,SUPREME X NEW ERA,600,
,1,1,11000032,DM - Bones Box Logo New Era Navy - 7 3/8 - Cerrada plana,STREETWEAR LUJOSO,GORRA CERRADA PLANA,SUPREME X NEW ERA,550,
,1,1,11000033,DM - Bones Box Logo New Era Grey - 7 3/8 - Cerrada plana,STREETWEAR LUJOSO,GORRA CERRADA PLANA,SUPREME X NEW ERA,550,
,0,,11000034,DM - Supreme/Hanes Boxer Briefs Black - Size L,,BOXER,SUPREME,,
,2,2,11000035,DM - Supreme New Era Tribal S Logo Beanie Navy azulado,STREETWEAR LUJOSO,BEANIE,SUPREME,550,
,2,2,11000036,DM - Supreme New Era Tribal S Logo Beanie Navy Black,STREETWEAR LUJOSO,BEANIE,SUPREME,550,
,1,,11000037,DM - Supreme Mini Utility Bag,,MORRAL,SUPREME,350,
,3,3,11000038,DM - LaBubu Pop Mart The Monsters Big Into Energy,ACCESORIOS,MUñECO,POP MART,350,
,1,,12000001,JR - Air Jordan 1 High OG Chicago - 35 (3Y) - Color Rojo Blanco,,JORDAN 1 HIGH,NIKE,,
,1,1,12000000,JR - Vale Forever CHAIN PAINTERS Black Focalizado - Size 32,STREETWEAR LUJOSO,PANTALON,VALLEY FOREVER,1499,
,1,,12000021,JR - Mixed Emotion Paisley Denim Shorts - Size 32,,SHORT,MIXED EMOTION,550,
,1,,12000024,JR - AllSaints Redact Oversized Embroidered Black - Size L,,T-SHIRT,ALLSAINTS,2800,
,0,,12000025,JR - UNDERGROUND AllSaints Oversized Black - Size M,,T-SHIRT,ALLSAINTS,2800,
,0,,12000026,JR- Supreme Breast Cancer Awareness Football Jersey - Size L,,JERSEY,SUPREME,1750,
,1,1,12000027,JR- Jacket Pleasures Black - Size S - Cuero,STREETWEAR LUJOSO,JACKET,PLEASURES,750,
,1,,00002278,Vale Forever Vs Racing Long-Sleeve Black/White - Size XL,,T-SHIRT MANGA LARGA,VALLEY FOREVER,799,
,1,1,00002282,Vale Forever Jesus Hardy Long-Sleeve White - Size L,STREETWEAR LUJOSO,T-SHIRT MANGA LARGA,VALLEY FOREVER,799,
,1,1,00004007,Vale Forever Vale Star Zip Up Dest/Black/Tan - Size L,STREETWEAR LUJOSO,ZIP UP HOODIE,VALLEY FOREVER,1500,
,0,,00004009,Vale Forever Vale Star Zip Up Dest/Black/Tan - Size XXL,,ZIP UP HOODIE,VALLEY FOREVER,1500,
,1,1,00004407,Vale Forever Venus Zip Up Pink- Size L- Pedreria,STREETWEAR LUJOSO,ZIP UP HOODIE,VALLEY FOREVER,1550,
,1,1,00004414,Vale Forever Sea Cluster Zip Up Hoodie Blue - Size XXL- Pedreria,STREETWEAR LUJOSO,ZIP UP HOODIE,VALLEY FOREVER,1550,
,1,1,00005091,Vale Valley Skittles Stones Shorts Blue - Size 30,STREETWEAR LUJOSO,SHORT,VALLEY FOREVER,1499,
,1,1,2279,Vale Forever Vs Racing Long-Sleeve 'Black/White'- Size XXL,STREETWEAR LUJOSO,T-SHIRT MANGA LARGA,VALLEY FOREVER,799,
,1,1,00004083,VALLEY NOISE ZIP UP DARK GREY - Talla XL - Color Plomo,STREETWEAR LUJOSO,ZIP UP HOODIE,VALLEY FOREVER,1459,
,1,,00004077,VALLEY SKYLINE ZIP UP HOODIE MULTICOLOR - Talla L - Color Azul,,ZIP UP HOODIE,VALLEY FOREVER,1399,
,1,1,00004233,Valley Hoodie Stone Zip Up Black Crystals - Talla XL - Color gris acid wash pedreria,STREETWEAR LUJOSO,ZIP UP HOODIE,VALLEY FOREVER,1700,
,1,1,00005066,Vale Forever Shorts de mezclilla con perlas Beige Vintage - Size 30,STREETWEAR LUJOSO,SHORT,VALLEY FOREVER,1499,
,1,1,00005067,Vale Forever Shorts de mezclilla con perlas Beige Vintage - Size 32,STREETWEAR LUJOSO,SHORT,VALLEY FOREVER,1499,
,1,1,00005068,Vale Forever Shorts de mezclilla con perlas Beige Vintage - Size 34,STREETWEAR LUJOSO,SHORT,VALLEY FOREVER,1499,
,0,,00005092,Vale Forever Skittles Jorts Black/Cream - Size 32,,SHORT,VALLEY FOREVER,1499,
,0,,00005101,Vale Forever Iced Out Jorts Mid Blue - Size 30,,SHORT,VALLEY FOREVER,1499,
,0,,00005102,Vale Forever Iced Out Jorts Mid Blue - Size 32,,SHORT,VALLEY FOREVER,1499,
,1,1,00005104,Vale Forever Forever Iced Out Jorts Mid Blue - Size 36,STREETWEAR LUJOSO,SHORT,VALLEY FOREVER,1499,
,1,1,00005106,Vale Forever Shorts de mezclilla con perlas Grey Acid Wash - Size 30,STREETWEAR LUJOSO,SHORT,VALLEY FOREVER,1499,
,0,,00005107,Vale Forever Shorts de mezclilla con perlas Grey Acid Wash - Size 32,,SHORT,VALLEY FOREVER,1499,
,1,1,00005108,Vale Forever Shorts de mezclilla con perlas Grey Acid Wash - Size 34,STREETWEAR LUJOSO,SHORT,VALLEY FOREVER,1499,
,2,2,00005111,Vale Forever Siren Jorts Black - Size 30 - Aperlado plata,STREETWEAR LUJOSO,SHORT,VALLEY FOREVER,1499,
,1,,00010145,Off White Out Of Office Black White - 42 IT,,OUT OF OFFICE,OFF WHITE,,
,1,,00010651,Off-White Out of Office Triple Black - 40,,OUT OF OFFICE,OFF WHITE,,
,1,,00010653,Off-White Out of Office Triple Black - 41,,OUT OF OFFICE,OFF WHITE,,
,1,,00010655,Off-White Out of Office Triple Black - 42,,OUT OF OFFICE,OFF WHITE,,
,1,,00010663,Off-White Out of Office Red White - 41,,OUT OF OFFICE,OFF WHITE,,
,0,,00010673,Off-White Out of Office White Dark Blue Light - 41,,OUT OF OFFICE,OFF WHITE,,
,1,,00010683,Off-White Out of Office Grey White - 41,,OUT OF OFFICE,OFF WHITE,,
,1,,00010693,Off-White Out of Office White Grey Navy - 41,,OUT OF OFFICE,OFF WHITE,,
,0,,00002281,Rhude Rhinestone Hunting Dog Tee Vintage Black - Size M - Pedreria,,T-SHIRT,RHUDE,1599,
,0,,00002285,Rhude Bordeaux Wine Tee - Vintage White - Size S,,T-SHIRT,RHUDE,1499,
,1,1,00002292,Rhude Script Crest Black - Size L,DISEÑADOR,T-SHIRT,RHUDE,1499,
,1,1,00002303,Rhude Shocker Tee Vintage Black Vintage - Size XL,DISEÑADOR,T-SHIRT,RHUDE,1499,
,0,,00002310,Rhude Chevron Tee Vintage Black -  Size S,,T-SHIRT,RHUDE,1499,
,0,,00000117,Rhude Cellier Trucker Hat en color Navy Cream - Regulable,,GORRA REGULABLE PLANA,RHUDE,750,
,3,1,00004087,FOG HOODIE DARK OATMEAL - Size L - Color Plomo Melange,STREETWEAR LUJOSO,HOODIE,ESSENTIALS,750,
,2,1,00004090,FOG HOODIE STRECH LIMO - Size S - Color Negro Verdoso,STREETWEAR LUJOSO,HOODIE,ESSENTIALS,750,
,1,1,00002307,Casa Blanca LArche De Tennis Short Sleeve T-Shirt White - Size L,DISEÑADOR,T-SHIRT,CASA BLANCA,1599,
,1,1,11000041,DM - Cactus Jack x Nike Smiley Glow In The Dark Hoodie - Size L,STREETWEAR LUJOSO,HOODIE,Nike x Travis Scott,1399,
,1,1,00005115,Eric Emanuel EE Basic Short Black Logo White - Size S,STREETWEAR LUJOSO,SHORT,Eric Emanuel,750,
,1,1,00002316,Off-White BW Saint Matthew Over Short-Sleeve T-Shirt Black/Grey - Size M,DISEÑADOR,T-SHIRT,OFF WHITE,1499,
,1,1,00002323,Off-White Marker Short-Sleeve Slim Tee Black/Blue - Size XL,DISEÑADOR,T-SHIRT,OFF WHITE,1499,
,0,1,00002329,Off-White Vibe Arrow Skate Short-Sleeve Tee 'White/Black' - Size XXL,,T-SHIRT,OFF WHITE,1499,
,1,,00002333,Off White Caravaggio Angel - Size XL,,T-SHIRT,OFF WHITE,1499,
,1,1,00002337,Off White alien-print cotton t-shirt - Size L,DISEÑADOR,T-SHIRT,OFF WHITE,1499,
,1,2,00002338,Off White alien-print cotton t-shirt - Size XL,DISEÑADOR,T-SHIRT,OFF WHITE,1499,
,1,1,00001962,Off White Cartoon Arrow_Slim S/S Tee Black - Size L,DISEÑADOR,T-SHIRT,OFF WHITE,1800,
,1,,00004405,OFF-WHITE C/O Chicago Bulls Varsity Black Jacket - Size S,,JACKET,OFF WHITE,5800,
,1,1,00004410,Off White Logic Patch Varsity Jacket - Size S (48),DISEÑADOR,JACKET,OFF WHITE,5800,
,1,1,00004416,Off-White Barrel Leather Varsity Jacket Green/Orange - Size M (fit S),DISEÑADOR,JACKET,OFF WHITE,5800,
,1,1,00005064,Off-White Caravaggio Arrows Mesh Shorts Black - Size XXL,DISEÑADOR,SHORT,OFF WHITE,1500,
,1,1,5121,Off White Cream Terry Cotton Bowling Shorts - Size  M (48),DISEÑADOR,SHORT,OFF WHITE,1399,
,1,1,00006103,OFF-WHITE Diag Slim Fit Denim Jeans Black - Size 34,DISEÑADOR,PANTALON JEANS,OFF WHITE,1999,
,1,1,00006117,Off-White Single Arrow Slim Jeans Black/White - Size 33,DISEÑADOR,PANTALON JEANS,OFF WHITE,1999,
,1,1,00006122,Palm Angels Patterned Wide Leg Jeans Medium Blue - Size 33,DISEÑADOR,PANTALON JEANS,PALM ANGELS,1999,
,1,1,00006123,Palm Angels Patterned Wide Leg Jeans Medium Blue - Size 34,DISEÑADOR,PANTALON JEANS,PALM ANGELS,1999,
,1,1,00006127,Palms Angels Jacquard Straight5 PKT Light Blue - Size 33,DISEÑADOR,PANTALON JEANS,PALM ANGELS,1999,
,1,1,00006128,Palms Angels Jacquard Straight5 PKT Light Blue - Size 34,DISEÑADOR,PANTALON JEANS,PALM ANGELS,1999,
,1,1,00006133,Palm Angels Logo Patch Straight Jeans Black - Size 34,DISEÑADOR,PANTALON JEANS,PALM ANGELS,1999,
,1,1,00006138,Off White ARR Tapered Jeans - Size 34,DISEÑADOR,PANTALON JEANS,OFF WHITE,1999,
,1,1,00002107,Perforated Jersey Black - Talla L - Color negro,DISEÑADOR,JERSEY,OFF WHITE,1800,
,1,1,00002157,Vale Forever Gridiron Bling Tee Black - Size L - Color negro acid wash pedreria,DISEÑADOR,T-SHIRT,VALLEY FOREVER,899,
,1,1,00001807,Dollar Print Oversized In Cream - Size L,DISEÑADOR,T-SHIRT,PALM ANGELS,1399,
,1,1,00001828,Mini College Black Dark  Red - Size XL,DISEÑADOR,T-SHIRT,PALM ANGELS,1399,
,1,2,00001787,The Palm Back Black - Size L,DISEÑADOR,T-SHIRT,PALM ANGELS,1399,
,1,,G4LFO2U2,Burning Palm Over Black/Gold - Size M,DISEÑADOR,T-SHIRT,PALM ANGELS,,
,1,,475PLFV8,Logo Patch T-Shirt Navy Blue -  Size M,DISEÑADOR,T-SHIRT,PALM ANGELS,,
,1,1,00001773,Back Curved Logo Over Tee Black - Size XL,DISEÑADOR,T-SHIRT,PALM ANGELS,1399,
,1,1,00001767,Palm Angels Back Curved Logo Over Tee White - Size L,DISEÑADOR,T-SHIRT,PALM ANGELS,1399,
,1,1,00004186,Palm Angels Logo Flames Vint Crew Black Red - Size M - Color Negro Acid Wash,DISEÑADOR,Hoodie Crew Neck,PALM ANGELS,1999,
,1,1,00002222,Amiri Crystal Amiri Wings Tee Black - Size M,DISEÑADOR,T-SHIRT,AMIRI,1399,
,0,,00002342,Casa Blanca Championship Diamond Printed Black - Size L,DISEÑADOR,T-SHIRT,CASA BLANCA,1699,
,1,1,00002351,Off White Watercolor Arrow T-shirt - Size M,DISEÑADOR,T-SHIRT,OFF WHITE,1499,
,1,1,00002357,Off-White Hand Arrow Over T-Shirt White/Black - Size L,DISEÑADOR,T-SHIRT,OFF WHITE,1650,
,1,1,00002361,Essentials Fear Of God Heather Grey - Size M,STREETWEAR LUJOSO,T-SHIRT,ESSENTIALS,550,
,1,1,00002368,Essentials Fear Of God Timber T- Shirt - Size XL,STREETWEAR LUJOSO,T-SHIRT,ESSENTIALS,550,
,1,1,00003047,Fresco Arrow Popl Bowling White Multicolor - Size L (50),DISEÑADOR,CAMISA,OFF WHITE,1800,
,1,,00004422,Essentials Hoodie Dark Oatmeal - Size L,STREETWEAR LUJOSO,HOODIE,ESSENTIALS,750,
,1,,00002348,Casa Blanca Diamond Column Short Sleeve T-Shirt - Size XL,,T-SHIRT,CASA BLANCA,1499,
,1,,00000215,Palm Angels Classic Logo Beanie Black - Size S,,BEANIE,PALM ANGELS,499,
,6,6,17000000,REX - Gorra Rexotic Logo R Blue,STREETWEAR LUJOSO,GORRA REGULABLE PLANA,Rexotic,250,
,1,1,00000400,Palm Angels Sunglasses Hinkley Havana Dark - NO BOX,DISEÑADOR,GLASSES,PALM ANGELS,999,
,1,1,00000401,Palm Angels Sunglasses Sonoma Black Marble - NO BOX,DISEÑADOR,GLASSES,PALM ANGELS,999,
,3,3,00000402,Off White Sunglasses Greeley Havana Dark,DICEÑADOR,GLASSES,OFF WHITE,1500,
,1,1,00000403,Off White Sunglasses Leonardo Black,DICEÑADOR,GLASSES,OFF WHITE,1500,
,1,2,00000404,Off White Sunglasses Oregon White,DISEÑADOR,GLASSES,OFF WHITE,1500,
,1,1,00000405,Off White Sunglasses Pablo Square - NO BOX,DISEÑADOR,GLASSES,OFF WHITE,999,
,1,1,00000406,Off White Sunglasses Lucio - NO BOX,DISEÑADOR,GLASSES,OFF WHITE,999,
,1,1,00000407,Off White Sunglasses Jacob Oerio43 - NO BOX,DISEÑADOR,GLASSES,OFF WHITE,1200,
,1,1,00000408,Off White Sunglasses Gustav White,DISEÑADOR,GLASSES,OFF WHITE,1500,
,1,1,00000409,Off White Sunglasses Vancouver Black,DISEÑADOR,GLASSES,OFF WHITE,1500,
,1,1,00000410,Off White Sunglasses Francisco,DISEÑADOR,GLASSES,OFF WHITE,1500,
,1,1,00000411,Off White Sunglasses Virgil White,DISEÑADOR,GLASSES,OFF WHITE,1500,
,1,1,00000412,Off White Sunglasses Branson Square,DISEÑADOR,GLASSES,OFF WHITE,1500,
,1,1,00000413,Off White Sunglasses Andy Square Red - NO BOX,DISEÑADOR,GLASSES,OFF WHITE,999,
,1,1,00000414,Off White Sunglasses Arthur Black,DISEÑADOR,GLASSES,OFF WHITE,1500,
,1,1,00000415,Off White Sunglasses Salvador - NO BOX,DISEÑADOR,GLASSES,OFF WHITE,999,
,1,1,00000416,Off White Sunglasses Toledo,DISEÑADOR,GLASSES,OFF WHITE,1500,
,1,1,00000417,Off White Sunglasses Andy Square Black,DISEÑADOR,GLASSES,OFF WHITE,1200,
,1,1,00000418,Versace Glasses Havana - NO BOX,DISEÑADOR,GLASSES,VERSACE,899,
,1,1,00000419,Palm Angels Dorris Sunglasses Band Brown - NO BOX,DISEÑADOR,GLASSES,PALM ANGELS,999,
,1,1,00000420,Off White Glasses Optical Style 12 Black Blue Bloc - NO BOX,DISEÑADOR,GLASSES,OFF WHITE,999,
,1,1,00000421,Palm Angels Doyle Sunglasses Crystal Green - NO BOX,DISEÑADOR,GLASSES,PALM ANGELS,999,
,1,1,00000422,Off White Lucio Sunglasses Havana Green - NO BOX,DISEÑADOR,GLASSES,OFF WHITE,999,
,1,1,00000423,Off White Edvard Sunglasses Havana Brown - NO Box,DISEÑADOR,GLASSES,OFF WHITE,999,
,1,1,00000424,Palm Angels Dorris Sunglsses Havana Brown - NO BOX,DISEÑADOR,GLASSES,PALM ANGELS,999,
,1,1,00000425,Off White Dalton Sunglasses Grey - Dark Green - NO BOX,DISEÑADOR,GLASSES,OFF WHITE,999,
,0,,00000426,Amiri Black MA Quad Bi-Fold Wallet,,WALLET,AMIRI,1599,
,2,1,00000427,"Cartera plegable Off-White Quote ""FOR MONEY"" en blanco/negro",DISEÑADOR,WALLET,OFF WHITE,1199,
,1,1,00000428,Off White Monogram Allover Simple Card Case Blue,DISEÑADOR,WALLET,OFF WHITE,599,
,0,,00000429,Off-White Binder clip Wallet.And BLack Stripped Walley,DISEÑADOR,WALLET,OFF WHITE,699,
,1,1,00000430,Palm angels Iconic Bifold Wallet,DISEÑADOR,WALLET,PALM ANGELS,1199,
,1,1,00000431,Off White Jitney Bi-Fold Wallet Black,DISEÑADOR,WALLET,OFF WHITE,1399,
,2,,00000225,Supreme Contrast S Mesh Back 6-Panel Orange - FW25 - US - Regulable malla - Color naranja,,GORRA REGULABLE CURVA,SUPREME,550,
,1,1,17000001,REX - Rexotic Tee Blue - Size XL,STREETWEAR LUJOSO,T-SHIRT,Rexotic,350,
,1,1,17000002,REX - Rexotic Tee Orange - Size M,STREETWEAR LUJOSO,T-SHIRT,Rexotic,350,
,1,1,17000003,REX - Rexotic Tee Orange- Size XL,STREETWEAR LUJOSO,T-SHIRT,Rexotic,350,
,1,1,17000004,REX - Rexotic Monogram Long Sleeve Black - Size XL,STREETWEAR LUJOSO,T-SHIRT MANGA LARGA,Rexotic,250,
,1,1,17000005,REX - Rexotic Zignature Denim - Size 34,STREETWEAR LUJOSO,PANTALON JEANS,Rexotic,650,
,0,,17000006,REX - Rexotic Shoulder Bag Storm Grey Gold,,MORRAL,Rexotic,1519,
,0,,17000007,REX -Rexotic Shoulder Bag Phantom Black Gold,,MORRAL,Rexotic,1519,
,1,1,17000008,REX - Rexotic Wallet - Phantom Black,STREETWEAR LUJOSO,WALLET,Rexotic,459,
,1,1,17000009,REX - Rexotic Wallet - Phantom Grey,STREETWEAR LUJOSO,WALLET,Rexotic,459,
,5,5,17000010,REX - Rexotic Belt Phantom Black Chrome Buckle,STREETWEAR LUJOSO,CORREA,Rexotic,759,
,20,,00000300,Kit Limpieza Deluxe,,LIMPIEZA,TABAS & CARTERAS,,
,15,,00000301,Kit Gamuza,,LIMPIEZA,TABAS & CARTERAS,,
,3,,00000302,Kit Acondicionador Cueros,,ACONDICIONADOR,TABAS & CARTERAS,,
,5,,00000303,Tabas&Carteras Acondicionador Cueros,,ACONDICIONADOR,TABAS & CARTERAS,,
,4,,00000304,Pack Paños Micro Fibra,,PAñOS,TABAS & CARTERAS,,
,10,,00000305,Premium Cleaner 1Lt,,LIMPIEZA,TABAS & CARTERAS,,
,2,,00000306,Repelente,,REPELENTE,TABAS & CARTERAS,,
,4,,00000307,Desodorizador,,LIMPIEZA,TABAS & CARTERAS,,
,5,,00000308,Cleaner Bowl,,LIMPIEZA,TABAS & CARTERAS,,
,1,1,00000118,Palm Angels All Over Palms Bucket Cap 'Black/Off White - Size S,DISEÑADOR,GORRA CAMPERA,PALM ANGELS,699,
,1,1,00004002,Palm Angels Hoodie Teddy Bear Black - Size L - Color Negro Oso Decapic,DISEÑADOR,HOODIE,PALM ANGELS,2499,
,1,,00004000,Palm Angels Hoodie Teddy Bear Black - Size L - Color Negro Oso Decapic,,HOODIE,PALM ANGELS,2499,
,3,2,00002138,KAWS x Uniqlo Warhol UT Graphic white - Size XL,STREETWEAR LUJOSO,T-SHIRT,UNIQLO X KAWS,300,
,1,1,00002120,Uniqlo Unisex SpongeBob SquarePants Cactus Plant Flea Market UT Black - Size S - Color negro,STREETWEAR LUJOSO,T-SHIRT,UNIQLO,300,
,1,1,00002123,Unisex SpongeBob SquarePants Cactus Plant Uniiqlo Flea Market UT Black - Size XL - Color negro,STREETWEAR LUJOSO,T-SHIRT,UNIQLO,300,
,1,1,00002125,Uniqlo SpongeBob SquarePants Cactus Plant Flea Market UT Green,STREETWEAR LUJOSO,T-SHIRT,UNIQLO,300,
,1,1,00002132,SpongeBob SquarePants Cactus Plant Flea Market UT Graphic T-Shirt - Size L - Color blanco,STREETWEAR LUJOSO,T-SHIRT,UNIQLO,300,
,1,1,00002133,SpongeBob SquarePants Cactus Plant Flea Market UT Graphic T-Shirt - Size XL - Color blanco,STREETWEAR LUJOSO,T-SHIRT,UNIQLO,300,
,1,,00002135,Kaws x Uniqlo Warhol UT Graphic White - Size S,,T-SHIRT,UNIQLO X KAWS,300,
,149,2,00002373,Kaws x Warhol UT Graphic banana - Size XL,STREETWEAR LUJOSO,T-SHIRT,UNIQLO X KAWS,300,
,5,5,17000011,REX - Rexotic Belt Phantom Grey Chrome Buckle,STREETWEAR LUJOSO,CORREA,Rexotic,759,
,2,2,17000012,REX - Rexotic Card Holder - Storn Grey,STREETWEAR LUJOSO,TARJETERO,Rexotic,259,
,1,1,17000013,REX - Rexotic Card Holder - Storn Black,STREETWEAR LUJOSO,TARJETERO,Rexotic,259,
,1,1,17000014,REX - Rexotic Monogram Long Sleeve Black - Size M,STREETWEAR LUJOSO,T-SHIRT MANGA LARGA,Rexotic,250,
,1,1,17000015,REX - Rexotic Monogram Long Sleeve Black - Size L,STREETWEAR LUJOSO,T-SHIRT MANGA LARGA,Rexotic,250,
,1,,16000025,JAM - Supreme Star Fleece Jacket Natural - Size M - Color Crema,,JACKET,SUPREME,2100,
,0,,00000502,Supreme Shoulder Bag Black,,MORRAL,SUPREME,550,
,1,1,16000026,JAM - Supreme/Hanes Boxer Briefs Verde Pack x 2 - Size M,STREETWEAR LUJOSO,BOXER,SUPREME,399,
,1,1,16000027,JAM - Supreme/Hanes Tagless Tees White Pack x 3 - Size L,STREETWEAR LUJOSO,T-SHIRT,SUPREME,499,
,1, ,00000109,Adidas Yeezy Slide Azure - 39 (6 US),,YEEZY SLIDE,ADIDAS,,
,1,1,00003043,Off Whte Gothic Arr Popl Bowling SH Black White - Size XL (52) - Color Negro,DISEÑADOR,CAMISA,OFF WHITE,1800,
,1,1,00003113,Off White Ri_Pantheon Holiday Shirt White Beige - Size XL,DISEÑADOR,CAMISA,OFF WHITE,1800,
,1,2,00002377,Off White Gothic Logo Baseball Shirt White/Red - Size L (48),DISEÑADOR,JERSEY,OFF WHITE,1800,
,1,1,00002378,Off White Gothic Logo Baseball Shirt White/Red - Size XL (52),DISEÑADOR,JERSEY,OFF WHITE,1800,
,1,,00003112,Off White Ri_Pantheon Holiday Shirt White Beige - Size L,,CAMISA,OFF WHITE,1800,
,1,1,00004425,Palm Angels Chaqueta de chándal Denim Blue - Size S,DISEÑADOR ,CASACA JEANS,PALM ANGELS,1800,
,0,,00000235,Supreme X Mlb Teams Box Logo New Era Black - Chicago Talla: 7 1/4,,GORRA CERRADA PLANA,SUPREME X MLB,550,
,1,1,00000236,Supreme X Mlb Teams Box Logo New Era Dark Green Oakland Athletics Talla: 7 1/4,STREETWEAR LUJOSO,GORRA CERRADA PLANA,SUPREME X MLB,550,
,1,1,00000237,Supreme X Mlb Teams Box Logo New Era Light Blue Cardinals -Talla: 7 1/4,STREETWEAR LUJOSO,GORRA CERRADA PLANA,SUPREME X MLB,550,
,1,1,00000238,Supreme X Mlb Teams Box New Era Blue Seattle Mariners -Talla: 7 1/4,STREETWEAR LUJOSO,GORRA CERRADA PLANA,SUPREME X MLB,550,
,1,1,00000239,Supreme Military Camp Sap Black (Fw 25) -Regulable,STREETWEAR LUJOSO,GORRA REGULABLE PLANA,SUPREME,550,
,0,,00000240,Supreme Military Camp Cap Blue Camo- Regulable,,GORRA REGULABLE PLANA,SUPREME,550,
,1,1,00000241,Supreme Splatter 6 - Panel Black  -Regulable,STREETWEAR LUJOSO,GORRA REGULABLE CURVA,SUPREME,550,
,1,1,00000242,Supreme Splatter 6 - Panel Red -Regulable,STREETWEAR LUJOSO,GORRA REGULABLE CURVA,SUPREME,550,
,1,1,00000243,Supreme Pigment Coated Canvas S Logo 6-Panel Pink -Regulable,STREETWEAR LUJOSO,GORRA REGULABLE CURVA,SUPREME,550,
,0,,00000244,Eric Emanuel College Nort Carolina Blue White -Regulable,,GORRA CERRADA PLANA,Eric Emanuel,650,
,1,1,00000245,Gallery Dept. Logo Truck Black -Regulable,STREETWEAR LUJOSO,GORRA REGULABLE CURVA,GALLERY DEPT.,899,
,1,1,00000246,Gallery Dept. Upside Down Logo Trucker Black -Regulable,STREETWEAR LUJOSO,GORRA REGULABLE CURVA,GALLERY DEPT.,899,
,3,3,00000800,Odyssey Candee Armaf (Exhibido),,DULCE,ARMAF,250,
,1,1,00000801,Odyssey Homme Armaf (Exhibido),,CITRICO,ARMAF,250,
,1,1,00000802,Yara Candy Lattafa (Exhibido),,DULCE,LATTAFA,250,
,3,3,00000803,Odyssey Tyrant (Exhibido),,AMADERADO,ARMAF,250,
,3,3,00000804,Fakhar Extrait Lattafa (Exhibido),,AMADERADO,LATTAFA,250,
,2,2,00000805,Shaheen Silver Lattafa (Exhibido),,CITRICO,LATTAFA,250,
,2,2,00000806,The Kingdom For Women,,CITRICO,LATTAFA,250,
,2,2,00000807,Lattafa Bade´e al Oud Oud For Glory Edp Unisex  (Exhibido),,AMADERADO,LATTAFA,250,
,1,1,00000808,Badee al Oud Sublime Lattafa  (Exhibido),,CITRICO,LATTAFA,250,
,1,1,00000809,Art of Nature II Lattafa  (Exhibido),,AMADERADO,LATTAFA,250,
,1,1,00000810,Liquid Burn French Avenue  (Exhibido),,AMADERADO,FRENCH AVENUE,250,
,2,2,00000811,His Confession Lattafa  (Exhibido),,AMADERADO,LATTAFA,250,
,2,2,00000812,Al Qiam Gold Lattafa  (Exhibido),,CITRICO,LATTAFA,250,
,1,1,00000813,Asad Bourbon Lattafa (Exhibido),,AMADERADO,LATTAFA,250,
,1,1,00000814,Odyssey Mega Man Armaf (Exhibido),,CITRICO,ARMAF,250,
,1,1,00000815,Armaf Oddysey Spectra Rainbow Edp  (Exhibido),,CITRICO,ARMAF,250,
,1,1,00000816,Wazeer Lattafa  (Exhibido),,CITRICO,LATTAFA,250,
,1,1,00000817,Safeer Al Noble Edp Lattafa  (Exhibido),,CITRICO,LATTAFA,250,
,1,2,00000818,Ameerat Al Arab Asdaaf  (Exhibido),,CITRICO,LATTAFA,250,
,1,1,00000819,Ard Al Zaafaran Sufa  (Exhibido),,DULCE,ARD AL ZAAFARAN,250,
,1,1,00000820,Club de Nuit Intense Man Armaf  (Exhibido),,CITRICO,ARMAF,250,
,1,1,00000821,Grandeur Instinct Noir  (Exhibido),,DULCE,GRANDEUR,250,
,1,1,00000822,Mashrabya Lattafa  (Exhibido),,DULCE,LATTAFA,250,
,1,1,00000823,Al Haramain Amber Oud Tabacco Edition Eau de Parfum (Exhibido),,AMADERADO,AL HARAMAIN,250,
,1,1,00000824,Satwa Ard al Zaafaran (Exhibido),,CITRICO,ARD AL ZAAFARAN,250,
,1,1,00000825,Lattafa Confidencial Private Gold (Exhibido),,DULCE,LATTAFA,250,
,1,1,00000826,Al Nashama Lattafa (Exhibido),,AMADERADO,LATTAFA,250,
,1,1,00000827,Lattafa Najdia Intense Eau de Parfum (Exhibido),,AMADERADO,LATTAFA,250,
,1,1,00000828,Chemystery Ajmal (Exhibido),,CITRICO,AJMAL,250,
,1,1,00002382,Left Ponit T-shirt S25-1587 Pearl White - Size L,,T-SHIRT,LEFT PONIT,350,
,1,1,00002387,Left Ponit T-shirt S24-1669 Black - Size L,,T-SHIRT,LEFT PONIT,350,
,1,1,00002393,Left Ponit T-shirt S24-1579 White - Size XL,,T-SHIRT,LEFT PONIT,350,
,1,1,16000028,Fear of God Essentials Track Pants Olive - Size XS,STREETWEAR LUJOSO,PANTALON BUZO,ESSENTIALS,750,
,1,1,10005025,AL - Marc Jacobs Womens Bag  Purple,DISEÑADOR,Cartera,Marc Jacobs,1400,
,1,,PACK0100,Hanes Boxer Fluoryell Pack x 2 - Size M - Color verde neon,,BOXER,SUPREME,199,
,1,1,00001713,FC Barcelona x Travis Scott - Size XL -  Color Guinda Azul,STREETWEAR LUJOSO,CAMISETA,Nike x Travis Scott,1599,
,0,,00006142,Supreme Monogram Double Knee Denim Painter Pants BLACK New with Tags - Size 32,,PANTALON JEANS,SUPREME,1799,
,1,1,00004432,Vale Forever Carver Worker Jacket Dest/Midrinse - Size L,STREETWEAR LUJOSO,CASACA JEANS,VALLEY FOREVER,1499,
,1,1,00004433,Vale Forever Carver Worker Jacket Dest/Midrinse - Size XL,STREETWEAR LUJOSO,CASACA JEANS,VALLEY FOREVER,1499,
,1,1,00002396,Supreme Floral Soccer Jersey White - Size M,STREETWEAR LUJOSO,JERSEY,SUPREME,1799,
,1,1,00000247,Amiri Core Logo Trucker Hat Black - Regulable,DISEÑADOR,GORRA REGULABLE CURVA,AMIRI,1299,
,1,1,00000248,Amiri Ma Logo Trucker Hat Black/Blue - Regulable,DISEÑADOR,GORRA REGULABLE CURVA,AMIRI,1299,
,1,1,11000042,DM - Travis Scott Cactus Jack x Nike T-Rexx Glow In The Dark Tee Black - Size L,STREETWEAR LUJOSO,T-SHIRT,Nike x Travis Scott,749,
,1,1,11000046,DM - Bola Travis Scott Cactus Jack Smiley Glow In The Dark Basketball,ACCESORIO,PELOTA,TRAVIS SCOTT,,
,3,3,16000037,JAM - Supreme/Hanes Crew Socks Black Pack x 4,ACCESORIO,MEDIAS,SUPREME,399,
,2,,16000036,JAM - Supreme/Hanes Crew Socks White Pack x 4,ACCESORIO,MEDIAS,SUPREME,399,
,1,1,PACK0304,Hanes Crew Socks White - Talla S - Color Gris 4 pack,,MEDIAS,SUPREME,399,
,1,,00010227,Off White Out Of Office Graffiti Black White -  43,,OUT OF OFFICE,OFF WHITE,,
,1,,00010801,Off White Be Right Blue White - 40 IT,,BE RIGHT,OFF WHITE,,
,1,,00051365,Jordan 4 Fight Club - 42.5 (9),,JORDAN 4,NIKE,,
,10,,00000309,Kit  de Limpieza Premium,,LIMPIEZA,TABAS & CARTERAS,,
,1,1,16000029,JAM - Off White Socks Black,ACCESORIO,MEDIAS,SUPREME,500,
,1,1,16000030,JAM - Tarjetero Burberry Black,DISEÑADOR,BILLETERA,BURBERRY,749,
,1,1,16000031,JAM - Palm Angels Logo Palm Angels Black,DISEÑADOR,BEANIE,PALM ANGELS,600,
,1,1,16000032,JAM - Supreme Blue Towel,STREETWEAR LUJOSO,TOALLA,SUPREME,600,
,1,1,16000033,JAM - Backpack (SS20) Dark Red,ACCESORIO,MOCHILA,SUPREME,1499,
,1,1,16000034,JAM - Canvas Backpack Black,ACCESORIO,MOCHILA,SUPREME,1399,
,1,1,16000035,JAM - Supreme/Heller Bowls (Set of 6),ACCESORIO,BOWLS,SUPREME,800,
,2,2,16000039,JAM - Supreme/Hanes Crew Socks Red Pack x 4,ACCESORIO,MEDIAS,SUPREME,399,
,1,,16000040,JAM - Supreme/Hanes Boxer Briefs Fluorescent Yellow Pack x 2 - Size M,,BOXER,SUPREME,399,
,1,,16000041,JAM - Supreme/Hanes Boxer Briefs White Pack x 4 - Size XL,,BOXER,SUPREME,399,
,1,1,16000048,JAM - FOG Hoodie Stresh Limo - Talla XL - Color Negro Verdoso,STREETWEAR LUJOSO,HOODIE,ESSENTIALS,750,
,1,,16000045,JAM - FOG Hoodie Light Oatmeal - Talla M - Color Plomo Claro,,HOODIE,ESSENTIALS,750,
,1,1,16000047,JAM- FOG Hoodie Light Oatmeal - Talla XL - Color Plomo Claro,STREETWEAR LUJOSO,HOODIE,ESSENTIALS,750,
,1,1,16000046,JAM - FOG Hoodie Light Oatmeal - Talla L - Color Plomo Claro,STREETWEAR LUJOSO,HOODIE,ESSENTIALS,750,
,1,1,17000016,REX - Rexotic Zignature Denim Black Acid Wash - Size 34,STREETWEAR LUJOSO,PANTALO JEANS,Rexotic,650,
,1,1,00000249,Amiri Arts District Trucker Hat Stone Grey,DISEÑADOR,GORRA REGULABLE CURVA,AMIRI,1299,
,1,1,00000250,Amiri MA Logo Trucker Cap Pond Blue/White,DISEÑADOR,GORRA REGULABLE CURVA,AMIRI,1299,
,1,1,00000251,Amiri DJ Premier Record Canvas Hat Black,DISEÑADOR,GORRA REGULABLE CURVA,AMIRI,1299,
,1,1,00000252,Vale Forever Leonard Snapper Hat Black,STREETWEAR LUJOSO,GORRA REGULABLE CURVA,VALLEY FOREVER,550,
,1,1,12000030,JR - Travis Scott x FC Barcelona 1899 Distressed Hat Multicolor,STREETWEAR LUJOSO,GORRA REGULABLE CURVA,Travis Scott x FC Barcelona,589,
,1,,19000091,Goods Conjunto Goodsland - Size M,,Conjunto,GOODS,,
,1,,19000215,Goods Short Dance Rous White/Pink - Size S,,SHORT,GOODS,,
,1,,00002401,Travis Scott South America Skitzo T-Shirt White - Size M,,T-SHIRT,TRAVIS SCOTT,499,
,1,1,00005126,Eric Emanuel EE Basic/Core Short Grey Bark/Blue - Size S,STREETWEAR LUJOSO,SHORT,Eric Emanuel,789,
,1,1,00005137,Eric Emanuel EE Basic/Core Short EE Bolt Black - Size M,STREETWEAR LUJOSO,SHORT,Eric Emanuel,799,
,1,1,PACK0302,Hanes Crew Socks Black - Talla S - Color Black 4 Pack,ACCESORIOS,MEDIAS,SUPREME,399,
,2,2,PACK0303,Hanes Crew Socks White - Talla S - Color White 4 Pack,ACCESORIOS,MEDIAS,SUPREME,399,
,1,1,PACK0101,Hanes Boxer Brief White Pack x 4 - Talla S - Color Blanco 4 Pack,ACCESORIOS,BOXER,SUPREME,399,
,1,1,PACK0102,Hanes Boxer Brief White Pack x 4 - Talla M - Color Blanco 4 Pack,ACCESORIOS,BOXER,SUPREME,399,
,1,1,PACK0103,Hanes Boxer Brief White Pack x 4 - Talla L - Color Blanco 4 Pack,ACCESORIOS,BOXER,SUPREME,399,
,1,1,PACK0105,Hanes Boxer Briefs Black Pack x 4 - Talla S - Color Negro,ACCESORIOS,BOXER,SUPREME,399,
,1,1,PACK0106,Hanes Boxer Briefs Black Pack x 4 - Talla M- Color Negro,ACCESORIOS,BOXER,SUPREME,399,
,1,1,PACK0107,Hanes Boxer Briefs Black Pack x 4 - Talla L - Color Negro,ACCESORIOS,BOXER,SUPREME,399,
,1,1,PACK0108,Hanes Boxer Briefs Black Pack x 4 - Talla XL - Color Negro,ACCESORIOS,BOXER,SUPREME,399,
,1,1,11000047,Supreme Too Deadly Hooded Sweatshirt Blue - Size L,STREETWEAR LUJOSO,HOODIE,SUPREME,750,
,1,1,00002405,T shirt Vale Forever Bling White - Size S,STREETWEAR LUJOSO,T-SHIRT,VALLEY FOREVER,899,
,1,1,00002408,T shirt Vale Forever Bling White - Size XL,STREETWEAR LUJOSO,T-SHIRT,VALLEY FOREVER,899,
,1,1,00002410,Crewneck Vale Forever Dragon Thermal - Size S,STREETWEAR LUJOSO,T-SHIRT MANGA LARGA,VALLEY FOREVER,899,
,1,,KYIJWHB9,Crewneck Vale Forever Dragon Thermal - Size L,,T-SHIRT MANGA LARGA,VALLEY FOREVER,899,
,1,1,11000048,DM - Adidas x BAPE Relaxed Fit Track Camo Shark Full Zip Hoodie - Size M,STREETWEAR LUJOSO,ZIP HOODIE,ADIDAS X BAPE,750,